Site	Label	R_bodyarea	R_Orangearea	R_Blackarea	R_Fuzzyblackarea	R_Iridescentarea	R_PropOrange	R_PropBlack	R_PropFuzzy	R_PropIrrid	L_Image	L_bodyarea	L_Orangearea	L_Blackarea	L_Fuzzyblackarea	L_Iridescentarea	L_PropOrange	L_PropBlack	L_PropfFuzzy	L_PropIrrid	Av_PropOrange	TopBottom
1	site1_male4	67.43	0	2.22	4.35	31	0	0.032923031	0.064511345	0.459736023	IMG_0395	70.83	0.77	1.34	4.33	38.64	0.0108711	0.018918537	0.061132289	0.545531554	0.00543555	B
1	site1_male16	35.76	1.06	0	0	0.72	0.029642058	0	0	0.020134228	IMG_0435	35.68	0.55	0	0	1.24	0.015414798	0	0	0.034753363	0.022528428	B
1	site1_male56	50.16	0.82	1.07	2.36	7.37	0.016347687	0.021331738	0.047049442	0.146929825	IMG_0668	49.23	1.5	0.86	1.84	11.45	0.030469226	0.017469023	0.037375584	0.232581759	0.023408457	B
1	site1_male5	50.02	2.25	0.64	1.38	3.69	0.044982007	0.012794882	0.027588964	0.073770492	IMG_0397	51.31	1.02	0.04	1.13	23.67	0.019879166	0.000779575	0.022022997	0.461313584	0.032430587	B
1	site1_male22	59.87	2.18	0.37	3.24	21.41	0.036412226	0.006180057	0.054117254	0.357608151	IMG_0468	60.05	1.9	0.89	3.19	29.72	0.0316403	0.014820983	0.053122398	0.494920899	0.034026263	B
1	site1_male6	55.06	2.05	1.96	2.85	14.67	0.03723211	0.03559753	0.051761714	0.266436615	IMG_0399	58.23	1.85	0.44	3.57	20.94	0.031770565	0.007556242	0.061308604	0.359608449	0.034501338	B
1	site1_male29	56.27	2.4	0.89	0	24.35	0.042651502	0.015816599	0	0.432735028	IMG_0501	57.07	1.61	0.72	1.37	26.78	0.028210969	0.012616086	0.024005607	0.469248292	0.035431235	B
1	site1_male43	58.74	2.41	0	0.41	22.7	0.04102826	0	0.006979911	0.386448757	IMG_0584	57.47	2.04	0.16	3.42	28.69	0.035496781	0.002784061	0.059509309	0.499216983	0.038262521	B
1	site1_male33	42.42	1.86	1.72	2.59	11.81	0.043847242	0.040546912	0.061056106	0.278406412	IMG_0522	41.69	1.69	1.4	3.12	19.23	0.040537299	0.033581195	0.074838091	0.461261693	0.04219227	B
1	site1_male42	43.24	2.12	1.3	2.14	13.41	0.049028677	0.030064755	0.049491212	0.31012951	IMG_0578	41.82	1.63	1.5	2.16	18.96	0.038976566	0.035868006	0.051649928	0.453371593	0.044002622	B
1	site1_male65	54.12	2.72	0.8	2.69	6.45	0.050258684	0.014781966	0.049704361	0.119179601	IMG_0729	56.03	2.18	0	2.9	14.12	0.038907728	0	0.051757987	0.252007853	0.044583206	B
1	site1_male55	47.32	1.97	0.48	2.88	15.6	0.041631445	0.010143702	0.060862215	0.32967033	IMG_0660	47.54	2.34	1.19	2.6	24.85	0.049221708	0.025031552	0.054690787	0.522717711	0.045426577	B
1	site1_male38	50.18	2.26	0.99	2.1	19.18	0.045037864	0.019728976	0.041849342	0.382223994	IMG_0553	50.27	2.37	0.98	2.49	24.82	0.047145415	0.019494728	0.049532524	0.493733837	0.046091639	B
1	site1_male66	63.27	2.89	1.5	2.04	13.64	0.045677256	0.023707918	0.032242769	0.215584005	IMG_1310	60.25	2.87	1.49	1.85	17.83	0.047634855	0.02473029	0.030705394	0.29593361	0.046656055	B
1	site1_male3	39.99	2.06	0.5	2.87	3.29	0.051512878	0.012503126	0.071767942	0.082270568	IMG_0392	40.55	1.74	0	2.66	18.37	0.042909988	0	0.065598027	0.453020962	0.047211433	B
1	site1_male114	38.48	1.86	1.24	0	7.1	0.048336798	0.032224532	0	0.184511435	IMG_5045	38.25	1.81	0.96	0	10.89	0.047320261	0.025098039	0	0.284705882	0.04782853	B
1	site1_male59	61.68	2.9	1.83	3.8	6.2	0.047016861	0.029669261	0.061608301	0.100518807	IMG_0686	60.51	3.06	0.94	3.17	15.17	0.050570154	0.015534622	0.052388035	0.250702363	0.048793507	B
1	site1_male18	46.55	2.47	0.93	2.72	13.92	0.053061224	0.019978518	0.058431794	0.299033298	IMG_0443	44.68	2.05	0.74	2.15	20.55	0.045881826	0.01656222	0.048119964	0.459937332	0.049471525	B
1	site1_male20	68.85	3.54	1.28	7.72	18.21	0.051416122	0.01859114	0.112127814	0.264488017	IMG_0454	71.84	3.43	1.66	6.98	36.5	0.047744989	0.023106904	0.097160356	0.508073497	0.049580555	B
1	site1_male64	54.64	2.8	0.48	2.16	6.07	0.05124451	0.008784773	0.039531479	0.111090776	IMG_0722	54.7	2.7	0.5	0	18.31	0.049360146	0.009140768	0	0.334734918	0.050302328	B
1	site1_male27	41.49	2.3	0.35	1.95	9.64	0.055435045	0.008435768	0.046999277	0.232345143	IMG_0489	41.66	2.06	0.07	1.43	16.73	0.049447912	0.001680269	0.034325492	0.401584253	0.052441478	0
1	site1_male36	46.7	1.89	0.93	0.93	11.7	0.040471092	0.019914347	0.019914347	0.250535332	IMG_0539	46.06	3.05	0.52	2.1	20.27	0.066217977	0.011289622	0.045592705	0.440078159	0.053344534	0
1	site1_male48	55.37	3.29	0.54	0	22.75	0.059418458	0.009752574	0	0.410872314	IMG_0618	55.22	2.63	0.84	0	33.49	0.047627671	0.01521188	0	0.606483158	0.053523064	0
1	site1_male12	43.51	2.37	0.54	0	12.48	0.054470237	0.01241094	0	0.286830614											0.054470237	0
1	site1_male63	45.7	3.02	1.3	5.41	5.83	0.066083151	0.028446389	0.118380744	0.127571116	IMG_0715	45.51	2.04	0.39	5.47	12.81	0.044825313	0.008569545	0.120193364	0.281476599	0.055454232	0
1	site1_male14	55.6	3.07	0.73	0.87	8.86	0.055215827	0.013129496	0.015647482	0.159352518	IMG_0427	55.09	3.17	0.46	0	20.2	0.057542204	0.008349973	0	0.366672717	0.056379016	0
1	site1_male106	56.38	3.27	0.68	2.03	12.22	0.057999291	0.012061015	0.036005676	0.216743526	IMG_4963	57.4	3.28	1.09	2.42	15.92	0.057142857	0.018989547	0.042160279	0.277351916	0.057571074	0
1	site1_male53	37.98	2.35	0.25	0.56	7.72	0.061874671	0.006582412	0.014744602	0.203264876	IMG_0649	38.38	2.1	0.31	0.37	18.28	0.054715998	0.008077124	0.009640438	0.476289734	0.058295334	0
1	site1_male57	60.71	2.8	1.19	4.1	17.42	0.046120903	0.019601384	0.067534179	0.286937901	IMG_0674	58.94	4.52	1.46	3.97	15.15	0.076688157	0.024770954	0.067356634	0.257041059	0.06140453	0
1	site1_male32	59.63	4.32	1.27	6.25	24.69	0.072446755	0.021298004	0.104813014	0.414053329	IMG_0517	59.48	3.07	0.45	5.14	31.58	0.051613988	0.007565568	0.086415602	0.530934768	0.062030371	0
1	site1_male8	57.77	3.04	2.8	3.39	14.82	0.052622468	0.048468063	0.058680976	0.256534533	IMG_0405	58.08	4.19	2.6	4.14	21.88	0.072141873	0.04476584	0.071280992	0.376721763	0.062382171	0
1	site1_male44	56.27	3.97	1.89	0.74	21.44	0.070552692	0.033588058	0.01315088	0.381020082	IMG_0589	57.13	3.35	1.28	1.27	30.95	0.058638194	0.022405041	0.022230002	0.541746893	0.064595443	0
1	site1_male51	53.1	3.69	0.6	4.67	23.38	0.069491525	0.011299435	0.087947269	0.440301318	IMG_0638	53.29	3.43	0.51	2.4	29.91	0.064364796	0.009570276	0.045036592	0.561268531	0.066928161	0
1	site1_male61	54.05	3.65	0.68	3.68	10.67	0.067530065	0.012580944	0.068085106	0.197409806											0.067530065	0
1	site1_male54	61.52	4.91	1.54	3.14	24.42	0.079811443	0.02503251	0.051040312	0.396944083	IMG_0654	63.52	4.04	0.86	3.66	31.77	0.063602015	0.013539043	0.057619647	0.500157431	0.071706729	0
1	site1_male17	68.18	6.17	1.62	0	22.83	0.090495747	0.023760634	0	0.334848929	IMG_0439	64.11	3.42	1.29	0	31.59	0.053345812	0.020121666	0	0.492746841	0.071920779	0
1	site1_male19	62.52	3.75	0.43	5.23	11.76	0.059980806	0.006877799	0.083653231	0.188099808	IMG_0448	63.59	5.42	0.37	2.42	20.34	0.085233527	0.005818525	0.038056298	0.319861613	0.072607167	0
1	site1_male15	69.44	4.42	1.29	5.47	20.95	0.063652074	0.018577189	0.078773041	0.301699309	IMG_0431	69.04	5.67	1.36	3.78	33.94	0.082126304	0.019698725	0.054750869	0.491599073	0.072889189	0
1	site1_male107	40.35	2.64	0.9	0.09	2.9	0.065427509	0.022304833	0.002230483	0.071871128	IMG_4973	39.22	3.26	1.04	0	10.01	0.083120857	0.026517083	0	0.255226925	0.074274183	0
1	site1_male39	45.8	3.7	1.43	0.83	16.49	0.080786026	0.031222707	0.018122271	0.360043668	IMG_0559	45.17	3.15	0.73	1.14	24.72	0.069736551	0.016161169	0.02523799	0.547265884	0.075261289	0
1	site1_male31	47.98	3.35	1.27	0.85	17.69	0.069820759	0.026469362	0.017715715	0.36869529	IMG_0511	48.31	3.95	0.58	3.93	20.81	0.08176361	0.012005796	0.081349617	0.430759677	0.075792184	0
1	site1_male58	47.9	3.82	0.91	2.62	9.68	0.079749478	0.018997912	0.054697286	0.202087683	IMG_0680	46.02	3.4	0.56	2.77	10.63	0.073880921	0.012168622	0.060191221	0.230986528	0.0768152	0
1	site1_male69	49.04	3.56	1.1	1.11	6.24	0.072593801	0.022430669	0.022634584	0.127243067	IMG_1337	49.5	4.06	1.09	2.58	9.53	0.082020202	0.022020202	0.052121212	0.192525253	0.077307001	0
1	site1_male60	47.68	3.73	0.21	0.77	7.84	0.078229866	0.004404362	0.016149329	0.16442953	IMG_0696	46.68	3.69	0.04	2.92	13.19	0.079048843	0.000856898	0.062553556	0.282562125	0.078639354	0
1	site1_male105										IMG_4955	52.36	4.14	0.84	0.32	13.07	0.079067991	0.016042781	0.006111536	0.249618029	0.079067991	0
1	site1_male34	59.22	4.34	1.31	0.58	15.52	0.073286052	0.022120905	0.009793989	0.262073624	IMG_0528	58.69	5.02	0.94	0.36	27.51	0.085534163	0.016016357	0.006133924	0.468734026	0.079410107	0
1	site1_male41	44.3	3.96	0.86	0.81	15.56	0.089390519	0.019413093	0.018284424	0.351241535	IMG_0571	43.57	3.11	0.29	0	23.09	0.071379389	0.006655956	0	0.529951802	0.080384954	0
1	site1_male13	75.82	6.38	1.6	2.2	25.69	0.084146663	0.021102611	0.029016091	0.338828805	IMG_0423	72.2	5.83	1.12	1.89	35.36	0.080747922	0.015512465	0.026177285	0.489750693	0.082447293	0
1	site1_male24	44.22	4.2	0.92	0	15.88	0.094979647	0.020805066	0	0.359113523	IMG_0478	48.04	3.45	1.3	0	19.6	0.071815154	0.027060783	0	0.407993339	0.083397401	0
1	site1_male62	51.03	4.41	1.74	2.3	8.11	0.086419753	0.03409759	0.045071527	0.158926122	IMG_0705	49.99	4.04	1.35	2.39	15.23	0.080816163	0.027005401	0.047809562	0.304660932	0.083617958	0
1	site1_male113	44	4.07	1.04	0	13.97	0.0925	0.023636364	0	0.3175	IMG_5036	44.46	3.36	0.77	0	13.21	0.075573549	0.017318938	0	0.297121008	0.084036775	0
1	site1_male71	44.09	3.72	0	1.79	8.21	0.084372874	0	0.040598775	0.186210025											0.084372874	0
1	site1_male35	61.16	5.21	0.45	0	28.74	0.085186396	0.00735775	0	0.469914977											0.085186396	0
1	site1_male50	47.28	3.69	0.88	0	20.98	0.078045685	0.018612521	0	0.443739425	IMG_0632	45.62	4.22	0.75	0.8	24.39	0.092503288	0.016440158	0.017536168	0.534633932	0.085274487	0
1	site1_male112	55.98	4.95	1.07	0	15.79	0.088424437	0.019113969	0	0.282065023	IMG_5027	58.34	4.85	1.47	0	19.58	0.083133356	0.02519712	0	0.335618786	0.085778897	0
1	site1_male115	47.51	4.42	0.86	0	5.31	0.093033046	0.018101452	0	0.111765944	IMG_5055	46.67	3.76	0.87	0	7.82	0.080565674	0.018641526	0	0.16755946	0.08679936	0
1	site1_male25	41.36	4.15	0.16	0.89	10.42	0.100338491	0.003868472	0.021518375	0.251934236	IMG_0481	41.89	3.1	0.05	0.43	19.83	0.074003342	0.001193602	0.01026498	0.473382669	0.087170917	0
1	site1_male111	55.95	4.78	1.06	0	5.56	0.085433423	0.018945487	0	0.099374441	IMG_5018	56.73	5.18	1.15	0	9.45	0.091309713	0.020271461	0	0.16657853	0.088371568	0
1	site1_male109	59.8	5.88	1.14	0	9.79	0.098327759	0.019063545	0	0.163712375	IMG_4999	60.61	4.81	0.97	0	13.68	0.079359842	0.01600396	0	0.225705329	0.0888438	0
1	site1_male7	60.87	5.13	2.14	1.03	26.71	0.084277969	0.035156892	0.016921308	0.438804009	IMG_0401	59.35	5.6	2.32	0	28.77	0.094355518	0.039090143	0	0.484751474	0.089316744	0
1	site1_male49	39.97	3.74	1.34	3.27	7.7	0.093570178	0.033525144	0.081811359	0.192644483	IMG_0624	39.39	3.45	0	1.76	17.08	0.087585682	0	0.044681391	0.433612592	0.09057793	0
1	site1_male37	49.99	4.28	0.81	2.67	19.87	0.085617123	0.016203241	0.053410682	0.397479496	IMG_0545	50.73	4.92	0.55	3.24	24.46	0.096984033	0.010841711	0.063867534	0.482160457	0.091300578	0
1	site1_male108	46.06	3.86	1.24	0	7.54	0.083803734	0.026921407	0	0.163699522	IMG_4982	46.13	4.64	1.23	0	7.19	0.100585302	0.026663776	0	0.155863863	0.092194518	T
1	site1_male68	56.16	5.49	1.3	2.77	8.4	0.09775641	0.023148148	0.049323362	0.14957265	IMG_1328	55.63	5.12	0.71	3.34	12.86	0.092036671	0.012762898	0.060039547	0.231170232	0.094896541	T
1	site1_male67	62.74	5.87	1.29	3.63	11.32	0.093560727	0.020561046	0.057857826	0.18042716	IMG_1319	61.19	6.05	0.78	3.59	17.13	0.098872365	0.012747181	0.058669717	0.279947704	0.096216546	T
1	site1_male2	57.69	5.16	1.92	2.89	17.23	0.089443578	0.033281331	0.050095337	0.29866528	IMG_0384	57.28	6.06	1.81	3.17	21.87	0.105796089	0.031599162	0.055342179	0.381808659	0.097619834	T
1	site1_male11	39.91	3.98	0.42	0	8.19	0.09972438	0.010523678	0	0.205211726	IMG_0415	38.75	3.89	0	0	15.82	0.100387097	0	0	0.408258065	0.100055738	T
1	site1_male47	54.79	6.94	1.05	0	12.92	0.12666545	0.019164081	0	0.235809454	IMG_0611	55.53	4.1	0.83	0	31.93	0.073833964	0.014946876	0	0.575004502	0.100249707	T
1	site1_male30	55.84	7.07	1.06	2.25	13.84	0.126611748	0.018982808	0.040293696	0.247851003	IMG_0505	56.75	4.31	1.05	3.61	26.06	0.075947137	0.018502203	0.063612335	0.459207048	0.101279442	T
1	site1_male23	48.56	5.51	0.66	4.27	16.54	0.113467875	0.013591433	0.087932455	0.340609555	IMG_0474	46.46	4.19	0.23	4.54	17.87	0.090185105	0.004950495	0.097718467	0.384631941	0.10182649	T
1	site1_male10	48.43	5.18	0.82	1.12	15.64	0.106958497	0.016931654	0.023126161	0.322940326	IMG_0411	48.65	4.79	0.55	1.28	21.44	0.098458376	0.011305242	0.02631038	0.440698869	0.102708436	T
1	site1_male70	58.71	6.21	1.09	2.52	9.71	0.105774144	0.018565832	0.042922841	0.165389201	IMG_1345	56.79	6	1.28	3.04	13.08	0.105652404	0.022539179	0.053530551	0.23032224	0.105713274	T
1	site1_male110	48.76	5.15	0.84	0	10.25	0.10561936	0.017227235	0	0.21021329	IMG_5008	48.57	5.35	1	0	11.34	0.110150299	0.020588841	0	0.233477455	0.107884829	T
1	site1_male1	81.76	9.196	0.88	7.26	10.23	0.112475538	0.010763209	0.088796477	0.125122309	IMG_0379	83.9	8.894	0.91	7	18.83	0.106007151	0.010846246	0.083432658	0.22443385	0.109241345	T
1	site1_male52	48.12	5.39	1.12	2.92	15.32	0.112011638	0.023275145	0.060681629	0.31837074	IMG_0642	47.11	5.39	0.41	1.96	20.77	0.114413076	0.008703035	0.041604755	0.44088304	0.113212357	T
1	site1_male9	46.02	5.87	1.26	0.92	11.45	0.127553238	0.0273794	0.019991308	0.248804867	IMG_0408	45.85	5.36	0.73	0.87	16.02	0.116902944	0.015921483	0.018974918	0.349400218	0.122228091	T
1	site1_male21	65.33	9.68	1.69	0	19.48	0.148170825	0.025868667	0	0.298178478	IMG_0461	63.82	6.47	2	0	31.79	0.101378878	0.031338139	0	0.498119712	0.124774852	T
1	site1_male46	55.33	8.16	0.74	2.18	12.13	0.147478764	0.0133743	0.039399964	0.219230074	IMG_0605	54.9	5.65	0.31	1.98	26.91	0.10291439	0.00564663	0.036065574	0.490163934	0.125196577	T
1	site1_male28	54.74	8.52	1.76	0.85	12.19	0.155644867	0.032151991	0.01552795	0.222689076	IMG_0495	54.68	5.83	0.59	1.92	23.32	0.106620337	0.010790051	0.035113387	0.426481346	0.131132602	T
1	site1_male45	39.7	5.44	0.16	2.27	12.41	0.137027708	0.004030227	0.057178841	0.312594458	IMG_0595	39.09	4.97	0.15	1.79	18.71	0.127142492	0.003837299	0.045791763	0.478639038	0.1320851	T
1	site1_male40	55.44	8.14	0.76	1.76	20.04	0.146825397	0.013708514	0.031746032	0.361471861	IMG_0565	53.59	6.58	1.1	0	28.34	0.122784102	0.020526218	0	0.528830006	0.134804749	T
1	site1_male26	67.92	10.33	0.84	4.18	25.14	0.152090695	0.012367491	0.061542992	0.370141343	IMG_0486	70.16	10.04	1.48	3.24	30.25	0.143101482	0.021094641	0.04618016	0.431157355	0.147596089	T
2	site2_male3	51.66	0	0	0	4.88	0	0	0	0.094463802	IMG_0750	52.37	0	0	0	18.1	0	0	0	0.34561772	0	B
2	site2_male37	62.9	0	1.81	2.77	32.42	0	0.028775835	0.044038156	0.515421304	IMG_0999	62.01	0	1.52	3.55	33.22	0	0.024512175	0.057248831	0.535720045	0	B
2	site2_male4	50.17	0.64	0.8	0.58	0.75	0.012756627	0.015945784	0.011560694	0.014949173	IMG_0765	49.97	0	0.79	1.17	14.06	0	0.015809486	0.023414048	0.281368821	0.006378314	B
2	site2_male5	48.23	0	1.4	1.52	9.71	0	0.029027576	0.031515654	0.201326975	IMG_0771	47.54	0.88	0.13	1.98	18.93	0.018510728	0.002734539	0.041649138	0.398190997	0.009255364	B
2	site2_male1	64.62	1.25	2.54	4.04	21.61	0.019343856	0.039306716	0.062519344	0.334416589	IMG_0736	64.03	0	3.08	4.5	31.23	0	0.048102452	0.070279556	0.487740122	0.009671928	B
2	site2_male40	58.97	0.87	4.8	5.35	23.25	0.014753264	0.081397321	0.090724097	0.394268272	IMG_1024	57.22	1.02	2.57	4.59	31.46	0.017825935	0.044914366	0.080216707	0.54980776	0.0162896	B
2	site2_male16	54.43	1.61	2.27	1.23	11.57	0.029579276	0.041704942	0.022597832	0.212566599	IMG_0848	54.42	1.04	0.07	0	28.57	0.019110621	0.001286292	0	0.524990812	0.024344949	B
2	site2_male106	77.74	2.12	0.76	10.55	16.78	0.027270388	0.009776177	0.135708773	0.215847697	IMG_2800	77.27	1.92	0.92	5.19	18.11	0.024847936	0.011906303	0.067167076	0.234372978	0.026059162	B
2	site2_male9	46.83	0.55	0.84	2.92	12.18	0.011744608	0.01793722	0.062353192	0.260089686	IMG_0795	46.4	1.89	0.92	2.99	24.29	0.040732759	0.019827586	0.064439655	0.523491379	0.026238683	B
2	site2_male7	70.98	1.75	1.64	1.75	22.59	0.024654832	0.0231051	0.024654832	0.318258664	IMG_0783	69.84	2.78	1.54	5.4	37.06	0.039805269	0.022050401	0.077319588	0.530641466	0.032230051	B
2	site2_male41	68.09	3.24	0	3.56	26.16	0.04758408	0	0.052283742	0.384197386	IMG_1026	68.99	1.17	0.19	4.94	39.72	0.01695898	0.002754022	0.07160458	0.575735614	0.03227153	B
2	site2_male11	58.98	1.01	1.73	2.59	18.31	0.017124449	0.029331977	0.043913191	0.310444218	IMG_0816	59.81	2.93	1.21	3.29	23.93	0.048988463	0.020230731	0.055007524	0.400100318	0.033056456	B
2	site2_male23	66.81	2.35	1.35	2.91	17.97	0.035174375	0.020206556	0.043556354	0.268971711	IMG_0900	67.42	2.31	0.38	0.73	36.38	0.03426283	0.00563631	0.010827648	0.539602492	0.034718603	B
2	site2_male36	63.35	2.04	0.97	10.09	20.67	0.032202052	0.01531176	0.159273875	0.326282557	IMG_0992	62.98	2.37	0	3.61	35.22	0.037630994	0	0.057319784	0.559225151	0.034916523	B
2	site2_male64	56.68	2.23	0	3.23	5.98	0.039343684	0	0.056986591	0.105504587	IMG_1241	55.69	1.8	0.39	2.06	14.36	0.032321781	0.007003053	0.036990483	0.257855989	0.035832733	B
2	site2_male108	51.15	1.59	1.17	0.9	6.06	0.031085044	0.0228739	0.017595308	0.118475073	IMG_2820	51.4	2.12	0.88	0	14.92	0.041245136	0.017120623	0	0.290272374	0.03616509	B
2	site2_male54	54.18	0.83	2.15	7.05	19.71	0.015319306	0.03968254	0.130121816	0.363787375	IMG_1153	54.38	3.28	1.82	4.67	27.22	0.060316293	0.033468187	0.085877161	0.500551673	0.037817799	B
2	site2_male58	70.73	2.23	0.4	5.3	15.59	0.031528347	0.005655309	0.074932843	0.220415665	IMG_1191	69.89	3.11	0.27	4.69	19.24	0.044498498	0.003863214	0.067105451	0.275289741	0.038013422	B
2	site2_male24	57.72	2.59	0.39	2.28	12.63	0.044871795	0.006756757	0.03950104	0.218814969	IMG_0905	56.91	1.81	1.23	0.53	26.22	0.031804604	0.021613073	0.00931295	0.460727464	0.038338199	B
2	site2_male6	73.59	4.87	1.54	3.07	28.12	0.06617747	0.020926756	0.041717625	0.382117135	IMG_0777	72.73	0.83	1	4.91	36.69	0.011412072	0.013749484	0.067509968	0.504468582	0.038794771	B
2	site2_male105	54.94	2.41	2.47	1.5	5.4	0.043866036	0.044958136	0.027302512	0.098289043	IMG_2791	55.75	2.33	1.05	1.84	11.69	0.041793722	0.018834081	0.033004484	0.209686099	0.042829879	0
2	site2_male63	50.16	2.34	0.36	3.52	6.76	0.046650718	0.007177033	0.070175439	0.13476874	IMG_1232	48.46	2.03	0.42	4.04	12.84	0.041890219	0.008666942	0.083367726	0.264960792	0.044270468	0
2	site2_male51	53.7	1.91	0.62	5.93	18.03	0.03556797	0.011545624	0.110428305	0.33575419	IMG_1127	52.34	2.84	1.06	5.28	24.2	0.054260604	0.020252197	0.100878869	0.462361483	0.044914287	0
2	site2_male21	42.15	2.04	0.12	3.05	9.14	0.048398577	0.002846975	0.072360617	0.216844603	IMG_0887	42.55	1.82	0	0.5	17.18	0.042773208	0	0.011750881	0.403760282	0.045585892	0
2	site2_male53	56.63	2.37	0.37	3.01	18.49	0.041850609	0.006533639	0.05315204	0.326505386	IMG_1146	51.9	2.57	0.1	3.65	27.25	0.049518304	0.001926782	0.070327553	0.52504817	0.045684457	0
2	site2_male107	53.23	2.01	0.75	6.74	8.48	0.037760661	0.014089799	0.126620327	0.159308661	IMG_2809	54.07	2.9	0.75	4.86	15.95	0.053634178	0.013870908	0.089883484	0.294987979	0.04569742	0
2	site2_male26	59.58	2.21	1.23	3.75	21.97	0.037092984	0.020644512	0.062940584	0.368747902	IMG_0918	57.15	3.19	0.45	3.6	30.78	0.055818023	0.007874016	0.062992126	0.538582677	0.046455503	0
2	site2_male59	82.57	5.23	0	7.27	16.09	0.063340196	0	0.088046506	0.194864963	IMG_1198	81.16	2.51	0.24	4.78	29.26	0.030926565	0.002957122	0.058896008	0.360522425	0.047133381	0
2	site2_male22	49.53	2.11	0	1.42	11.81	0.042600444	0	0.028669493	0.238441349	IMG_0892	49.7	2.58	1.16	1.06	25.92	0.051911469	0.02334004	0.021327968	0.521529175	0.047255956	0
2	site2_male100	69.06	3.07	2.17	10.35	18.84	0.044454098	0.031421952	0.149869679	0.272806255	IMG_2738	67.53	3.46	1.1	9.51	22.51	0.051236487	0.016289057	0.140826299	0.333333333	0.047845293	0
2	site2_male101	54.73	2.52	0.73	0	4.63	0.046044217	0.013338206	0	0.084597113	IMG_2756	53.06	2.79	0.25	1.53	11.97	0.052581983	0.004711647	0.028835281	0.225593668	0.0493131	0
2	site2_male27	56.8	3.09	1.6	0	24.73	0.054401408	0.028169014	0	0.435387324	IMG_0921	56.17	2.51	1.57	2.99	31.7	0.044685775	0.027950863	0.053231262	0.564358198	0.049543592	0
2	site2_male100b	66.28	3.52	0	4.43	15.24	0.053108027	0	0.066837658	0.229933615	IMG_2747	65.22	3.26	1.23	2.87	25.25	0.049984667	0.018859246	0.044004906	0.387151181	0.051546347	0
2	site2_male31	42.78	2.47	1.13	4.34	14.45	0.05773726	0.026414212	0.101449275	0.337774661	IMG_0948	42.32	1.99	0.52	1.56	20.65	0.047022684	0.012287335	0.036862004	0.48794896	0.052379972	0
2	site2_male12	47.7	2.46	1.09	5.07	12.38	0.051572327	0.022851153	0.106289308	0.259538784	IMG_0823	46.55	2.62	1.03	3.35	21.26	0.056283566	0.022126745	0.071965628	0.456713212	0.053927947	0
2	site2_male30	57.74	3.65	1.89	2.37	25.57	0.063214409	0.032732941	0.041046069	0.442847246	IMG_0943	59.58	2.72	0.97	2.95	33.5	0.045652904	0.016280631	0.049513259	0.562269218	0.054433657	0
2	site2_male13	46.42	3.65	1.89	6.81	12.74	0.078629901	0.040715209	0.146704007	0.274450668	IMG_0829	45.6	1.54	2.91	5.09	14.6	0.03377193	0.063815789	0.111622807	0.320175439	0.056200915	0
2	site2_male35	60.08	3.71	2.22	5.49	22.27	0.061750999	0.036950732	0.091378162	0.370672437	IMG_0983	59.28	3.05	4.55	34.42	0	0.051450742	0.076754386	0.580634278	0	0.05660087	0
2	site2_male28	62.45	4.25	0.35	4.43	20.33	0.068054444	0.005604484	0.070936749	0.325540432	IMG_0930	62.88	3	0.66	3.34	32.01	0.047709924	0.010496183	0.053117048	0.509064885	0.057882184	0
2	site2_male56	62.45	3.28	1.53	4.19	18.68	0.052522018	0.0244996	0.067093675	0.299119295	IMG_1171	60.62	4.07	1.45	3.68	20.3	0.067139558	0.023919499	0.060706038	0.334872979	0.059830788	0
2	site2_male57	56.46	3.97	1.11	4.34	11.19	0.070315267	0.019659936	0.07686858	0.198193411	IMG_1181	55.18	2.91	0	4.57	15.21	0.052736499	0	0.082819862	0.275643349	0.061525883	0
2	site2_male52	67.79	4.02	1.51	6.02	28.48	0.059300782	0.022274672	0.088803658	0.420120962	IMG_1141	66.03	4.24	0	0	33.99	0.064213236	0	0	0.514766015	0.061757009	0
2	site2_male33	57.36	3.3	2.09	2.67	21.34	0.057531381	0.036436541	0.046548117	0.372036262	IMG_0967	58.8	4.29	0.3	2.49	32.34	0.072959184	0.005102041	0.042346939	0.55	0.065245282	0
2	site2_male38	75.62	5.93	1.11	1.71	29.54	0.078418408	0.014678656	0.022613065	0.390637398	IMG_1008	75.76	4.14	0.73	7.8	37.42	0.054646251	0.009635692	0.102956705	0.493928194	0.06653233	0
2	site2_male65	59.16	4.01	0.44	6.2	8.81	0.067782285	0.007437458	0.104800541	0.148918188	IMG_1249	58.19	3.85	0.38	4.82	15.91	0.066162571	0.006530332	0.082832102	0.273414676	0.066972428	0
2	site2_male67	59.03	3.39	1.91	6.72	6.99	0.057428426	0.032356429	0.11384042	0.118414366	IMG_1265	59.14	4.67	1.67	4.21	15.97	0.078965167	0.028238079	0.071187014	0.2700372	0.068196797	0
2	site2_male42	77.59	4.9	0.99	7.81	32.65	0.063152468	0.012759376	0.100657301	0.42080165	IMG_1041	77.81	5.72	1.13	7.42	38.48	0.073512402	0.014522555	0.095360494	0.494537977	0.068332435	0
2	site2_male45	66.22	4.29	2.95	4.84	23.58	0.064784053	0.044548475	0.073089701	0.356085775	IMG_1067	63.8	4.62	2.92	4.01	31.05	0.072413793	0.045768025	0.062852665	0.486677116	0.068598923	0
2	site2_male103	61.01	3.39	1.18	4.26	14.53	0.055564662	0.019341092	0.069824619	0.238157679	IMG_2773	61.55	5.03	1.08	3.89	22.53	0.081722177	0.01754671	0.06320065	0.366043867	0.068643419	0
2	site2_male50	52.11	3.14	0	2.33	12.76	0.060257148	0	0.044713107	0.244866628	IMG_1117	52.82	4.09	0.28	2.89	20.78	0.077432791	0.005301022	0.054714123	0.393411587	0.068844969	0
2	site2_male68	49.87	3.65	1.9	4.03	11.88	0.073190295	0.038099058	0.080810106	0.23821937	IMG_1273	49.63	3.31	1.25	2.93	17.47	0.066693532	0.025186379	0.059036873	0.352004836	0.069941913	0
2	site2_male43	59.77	4.82	0.46	1.41	16.51	0.080642463	0.007696169	0.02359043	0.276225531	IMG_1049	60.7	3.67	0.18	0.82	31.34	0.060461285	0.002965404	0.013509061	0.51630972	0.070551874	0
2	site2_male62	75.95	6.5	1.35	3.63	11.91	0.08558262	0.017774852	0.047794602	0.156813693	IMG_1224	73.25	4.27	1.73	2.75	22.54	0.058293515	0.023617747	0.037542662	0.307713311	0.071938068	0
2	site2_male102	61.77	4.63	0.95	6.15	10.71	0.07495548	0.015379634	0.099562895	0.173385138	IMG_2764	62.75	4.41	1.72	3.78	11.93	0.070278884	0.027410359	0.060239044	0.190119522	0.072617182	0
2	site2_male25	55.79	4.91	2.94	5.19	26.32	0.088008604	0.052697616	0.093027424	0.471769134	IMG_0911	57.11	3.68	0.96	2	32.69	0.064437051	0.016809666	0.035020137	0.572404132	0.076222827	0
2	site2_male14	81.88	7.5	0.68	8.59	25.02	0.09159746	0.008304836	0.104909624	0.305569126	IMG_0837	83.89	5.11	0.61	1.36	47.39	0.0609131	0.007271427	0.016211706	0.564906425	0.07625528	0
2	site2_male66	68.12	5.7	0.67	5.26	11.65	0.083675866	0.009835584	0.077216676	0.171021726	IMG_1254	68.27	4.99	0.71	4.87	17.8	0.073092134	0.010399883	0.071334407	0.260729457	0.078384	0
2	site2_male8	43.49	3.74	1.27	3.38	11.7	0.085996781	0.029202115	0.077719016	0.269027363	IMG_0789	43.84	3.23	1.41	0.65	17.87	0.073677007	0.032162409	0.014826642	0.407618613	0.079836894	0
2	site2_male17	133.46	14.411	0.31	0	49.27	0.107979919	0.002322793	0	0.369174284	IMG_0855	131.61	7.727	0.3	7.1	81.24	0.058711344	0.002279462	0.053947268	0.617278322	0.083345632	0
2	site2_male69	63.92	5.439	1.96	8.59	7.48	0.085090738	0.030663329	0.134386733	0.117021277	IMG_1280	64.24	5.484	0.68	5.53	16.85	0.085367372	0.010585305	0.086083437	0.262297634	0.085229055	T
2	site2_male10	64.63	4.16	0.22	7.67	15.8	0.064366393	0.003403992	0.118675538	0.244468513	IMG_0807	63.84	6.83	0.57	2.87	26.58	0.106986216	0.008928571	0.04495614	0.416353383	0.085676304	T
2	site2_male34	52.48	4.89	1.18	4.36	13.92	0.093178354	0.022484756	0.083079268	0.265243902	IMG_0976	52.26	4.13	1.16	2.18	25.02	0.079027937	0.022196709	0.041714504	0.478760046	0.086103145	T
2	site2_male55	48.16	4.83	0.76	3.61	10.38	0.100290698	0.015780731	0.074958472	0.215531561	IMG_1162	47.59	3.57	1.23	2.85	12.33	0.07501576	0.025845766	0.059886531	0.259088044	0.087653229	T
2	site2_male49	51.23	4.98	0.58	5.76	21.9	0.097208667	0.011321491	0.112434121	0.427483896	IMG_1107	51.31	4.02	0.6	4.14	28.48	0.078347301	0.011693627	0.080686026	0.555057494	0.087777984	T
2	site2_male61	51.76	5.07	1.56	3.26	7.28	0.097952087	0.030139104	0.062982998	0.14064915	IMG_1216	51.16	3.98	0.92	3.2	12.16	0.077795152	0.017982799	0.062548866	0.237685692	0.08787362	T
2	site2_male32	71.11	8.33	1.97	4.84	25.56	0.117142455	0.027703558	0.068063563	0.359443116	IMG_0959	72.15	4.42	1.95	5.71	38.48	0.061261261	0.027027027	0.079140679	0.533333333	0.089201858	T
2	site2_male19	53.58	5.74	1.43	1.57	16.13	0.107129526	0.026689063	0.029301978	0.301045166	IMG_0871	54.97	4.12	0.28	0	29.76	0.074949973	0.005093687	0	0.541386211	0.091039749	T
2	site2_male60	54.74	6.34	0.96	4.22	12.59	0.115820241	0.01753745	0.077091706	0.229996346	IMG_1208	54.29	3.83	1.01	4.24	16.59	0.070547062	0.018603794	0.078099097	0.305581138	0.093183652	T
2	site2_male48	51.11	5.75	1.31	7.01	21.04	0.112502446	0.025630992	0.137155156	0.411661123	IMG_1097	49.82	3.69	0.98	5.45	28.15	0.07406664	0.019670815	0.109393818	0.565034123	0.093284543	T
2	site2_male18	60.55	7.3	0	7.04	20.61	0.120561519	0	0.116267547	0.340379851	IMG_0864	59.71	4.14	0	5.17	32.3	0.06933512	0	0.086585162	0.540947915	0.09494832	T
2	site2_male39	54.31	5.36	1.93	3.45	20.28	0.09869269	0.035536734	0.063524213	0.373411895	IMG_1016	58.33	5.49	1.26	3.27	32.4	0.094119664	0.021601234	0.056060346	0.555460312	0.096406177	T
2	site2_male70	51.31	5.47	2.02	3.91	5.15	0.106606899	0.039368544	0.076203469	0.100370298	IMG_1288	51.47	4.58	0.47	2.63	15.74	0.088983874	0.009131533	0.051097727	0.305809209	0.097795387	T
2	site2_male44	66.41	7.1	0.92	3.36	21.24	0.10691161	0.013853335	0.05059479	0.319831351	IMG_1057	64.87	6.03	0.85	2.3	36.58	0.092955141	0.013103129	0.035455526	0.563897025	0.099933375	T
2	site2_male20	53.59	5.99	0.67	3.67	18.91	0.111774585	0.012502333	0.068482926	0.35286434	IMG_0879	51.85	4.69	0.7	4.65	25.45	0.09045323	0.013500482	0.089681774	0.490838959	0.101113908	T
2	site2_male46	61.54	7.325	1.39	3.71	30.96	0.119028274	0.022586935	0.060285993	0.503087423	IMG_1077	62.34	5.877	1.21	4.28	37.75	0.09427334	0.019409689	0.068655759	0.605550209	0.106650807	0
2	site2_male2	53.8	6.775	1.02	2.97	17.35	0.125929368	0.018959108	0.055204461	0.322490706	IMG_0744	54.08	5.251	1.84	2.81	28.12	0.097096893	0.034023669	0.051960059	0.519970414	0.111513131	0
2	site2_male99	57.8	6.72	0	0	9.24	0.116262976	0	0	0.159861592	IMG_2729	56.37	6.37	0	0.87	15.98	0.113003371	0	0.015433741	0.283484123	0.114633173	T
2	site2_male47	52.39	7.08	0.56	5.76	21.12	0.135140294	0.010689063	0.109944646	0.403130368	IMG_1088	51.91	6.23	0.64	4.49	30.44	0.120015411	0.012329031	0.086495858	0.586399538	0.127577853	T
2	site2_male104	52.98	7.108	1.13	4.76	12.02	0.134163835	0.021328803	0.089845225	0.226878067	IMG_2782	54.62	8.355	1.23	1.8	11.49	0.152965947	0.022519224	0.032954962	0.210362505	0.143564891	T
2	site2_male29	68.95	12.41	0.9	0	27.36	0.179985497	0.013052937	0	0.396809282	IMG_0935	68.32	7.79	0.93	4.18	38.46	0.114022248	0.013612412	0.06118267	0.56293911	0.147003872	T
2	site2_male15	92.54	16.626	3.14	2.59	39.83	0.179662848	0.033931273	0.027987897	0.430408472	IMG_0843	89.9	11.926	4.31	3.71	47.54	0.132658509	0.047942158	0.041268076	0.528809789	0.156160679	T
3	site3_male2	54.43	0	2.59	3.1	20.57	0	0.047584053	0.056953886	0.37791659	IMG_1600	54.5	0	1.77	3.74	25.35	0	0.032477064	0.068623853	0.465137615	0	B
3	site3_male28	43.24	0	1.48	0.6	15.85	0	0.034227567	0.013876041	0.366558742	IMG_1874	44.15	0.25	1.67	0.3	22.44	0.005662514	0.037825595	0.006795017	0.508267271	0.002831257	B
3	site3_male60	69.32	0.72	1	4.69	15.75	0.010386613	0.014425851	0.067657242	0.227207155	IMG_2201	68.68	1.58	0.93	4.67	23.18	0.023005242	0.01354106	0.067996506	0.33750728	0.016695927	B
3	site3_male26	71.22	1.13	0.8	39.84		0.01586633	0.0112328	0.559393429	0	IMG_1854	69.28	1.43	0.63	0.85	44.27	0.020640878	0.009093533	0.012269053	0.639001155	0.018253604	B
3	site3_male46	65.24	1.54	0.46	2.87	38.97	0.02360515	0.007050889	0.043991416	0.597332925	IMG_2057	65.48	0.99	1.2	3.44	36.82	0.01511912	0.018326206	0.052535125	0.562309102	0.019362135	B
3	site3_male57	66.38	1.02	1.33	3.32	17.25	0.015366074	0.020036155	0.050015065	0.25986743	IMG_2169	65.33	1.71	0.41	2.71	22.59	0.026174805	0.00627583	0.041481708	0.345782948	0.020770439	B
3	site3_male58	60.86	1.12	1.07	4.75	13.32	0.018402892	0.017581334	0.078047979	0.218862964	IMG_2181	59.29	1.5	0.76	1.58	18.79	0.025299376	0.01281835	0.026648676	0.316916849	0.021851134	B
3	site3_male70	72.78	1.71	1.24	4.93	10.15	0.023495466	0.017037648	0.06773839	0.13946139	IMG_2310	71.89	1.8	0.72	4.14	27.49	0.025038253	0.010015301	0.057587982	0.382389762	0.024266859	B
3	site3_male67	55.23	0.65	2.15	5.4	15.43	0.011768966	0.038928119	0.097772949	0.27937715	IMG_2277	55.14	2.03	2.22	3.89	16.01	0.036815379	0.040261153	0.070547697	0.290351832	0.024292173	B
3	site3_male21	65.5	1.68	1.04	4.82	30.1	0.025648855	0.015877863	0.073587786	0.459541985	IMG_1798	65.21	1.55	0.94	38.05	0	0.023769361	0.014414967	0.583499463	0	0.024709108	B
3	site3_male52	53.92	1.23	1.15	2.47	26.33	0.022811573	0.021327893	0.045808605	0.488316024	IMG_2118	52.07	1.45	0.66	4.03	31	0.027847129	0.012675245	0.077395813	0.59535241	0.025329351	B
3	site3_male12	70.5	1.94	1.09	1.45	29.83	0.02751773	0.015460993	0.020567376	0.423120567	IMG_1707	70.86	1.66	0.97	1.56	44.85	0.023426475	0.013688964	0.022015241	0.632938188	0.025472103	B
3	site3_male109	55.7	1.47	0.96	0	4.56	0.026391382	0.017235189	0	0.081867145	IMG_5107	54.77	1.41	1.17	0	13.63	0.02574402	0.02136206	0	0.248858864	0.026067701	B
3	site3_male108	69.13	1.86	0.72	0	11.47	0.02690583	0.01041516	0	0.165919283	IMG_5097	69.4	1.79	1.4	0	25.72	0.025792507	0.020172911	0	0.370605187	0.026349168	B
3	site3_male42	56.84	1.72	0.68	5.74	23.08	0.03026038	0.011963406	0.100985222	0.406052076	IMG_2014	56.62	1.31	0.49	0	32.06	0.023136701	0.008654186	0	0.566231014	0.02669854	B
3	site3_male69	59.36	0.432	0.98	4.2	9.2	0.007277628	0.016509434	0.070754717	0.154986523	IMG_2297	57.15	2.761	1.03	3.82	16.76	0.048311461	0.018022747	0.066841645	0.293263342	0.027794545	B
3	site3_male17	66.98	1.84	1.6	0	36.87	0.027470887	0.023887728	0	0.550462825	IMG_1757	66.83	2.28	1.92	0	43.05	0.034116415	0.028729612	0	0.644171779	0.030793651	B
3	site3_male111	70.53	2.17	0	2.15	7.45	0.030767049	0	0.030483482	0.10562881	IMG_5124	70.94	2.19	2.35	0	15.29	0.030871159	0.033126586	0	0.215534254	0.030819104	B
3	site3_male4	62.57	0.78	0.82	1.89	22.85	0.012466038	0.013105322	0.030206169	0.365190986	IMG_1623	60.17	3.1	0.93	0.62	31.09	0.051520691	0.015456207	0.010304138	0.516702676	0.031993365	B
3	site3_male30	65.3	2.25	1.61	0	28.3	0.034456355	0.024655436	0	0.43338438	IMG_1895	66.52	2.14	1.19	0	39.45	0.032170776	0.017889357	0	0.59305472	0.033313565	B
3	site3_male110	61.46	1.88	1.35	0	12.98	0.030589001	0.021965506	0	0.211194273	IMG_5116	61.07	2.29	1.4	0	14.24	0.037497953	0.022924513	0	0.233175045	0.034043477	0
3	site3_male68	49.86	2.29	0	5.68	5.6	0.0459286	0	0.113918973	0.112314481	IMG_2288	49.53	1.2	0.63	4.55	8.44	0.024227741	0.012719564	0.091863517	0.170401777	0.03507817	0
3	site3_male18	59.17	1.89	0.49	1.27	25.78	0.031941862	0.008281224	0.02146358	0.435693764	IMG_1767	58.89	2.36	0.82	29.7	0	0.040074716	0.013924266	0.504330107	0	0.036008289	0
3	site3_male59	62.23	2.78	1.43	3.3	10.21	0.044672987	0.02297927	0.053029086	0.164068777	IMG_2191	62	1.76	0.93	3.93	14.04	0.028387097	0.015	0.063387097	0.226451613	0.036530042	0
3	site3_male63	59.54	2.3	0	2.13	10.48	0.038629493	0	0.035774269	0.176016124	IMG_2235	57.46	2	0	1.88	20.3	0.034806822	0	0.032718413	0.353289245	0.036718157	0
3	site3_male39	75.05	2.82	1.84	3.09	44.43	0.03757495	0.024516989	0.041172552	0.59200533	IMG_1984	74.37	2.81	0.96	1.6	49.08	0.037784053	0.012908431	0.021514051	0.659943526	0.037679501	0
3	site3_male3	75.57	3.49	1.21	3.57	16.21	0.046182347	0.016011645	0.047240969	0.21450311	IMG_1611	74.49	2.34	0.8	2.53	27.5	0.031413613	0.010739697	0.033964291	0.369177071	0.03879798	0
3	site3_male29	71.87	2.66	2.07	0.47	54.54	0.03701127	0.028802004	0.006539585	0.758870182	IMG_1885	70.37	2.93	1.5	0.96	45.19	0.041637061	0.021315902	0.013642177	0.642177064	0.039324166	0
3	site3_male13	70.05	2.31	1.56	1.08	33.04	0.032976445	0.022269807	0.015417559	0.471663098	IMG_1718	66.56	3.22	1.21	2.48	40.05	0.048377404	0.018179087	0.037259615	0.60171274	0.040676925	0
3	site3_male115	67.91	3.376	1.16	0	7.7	0.049712855	0.017081431	0	0.113385363	IMG_5159	66.07	2.156	1.36	1.11	23.76	0.032632057	0.020584229	0.016800363	0.359618586	0.041172456	0
3	site3_male11	62.32	2.69	1.91	1.38	25.75	0.043164313	0.030648267	0.022143774	0.413189987	IMG_1697	61.01	2.49	1.33	1.77	25.13	0.040812981	0.021799705	0.029011637	0.411899689	0.041988647	0
3	site3_male19	54.96	2.73	2.43	0.34	23.1	0.049672489	0.044213974	0.006186317	0.420305677	IMG_1777	53.78	2.58	2.97	24.01	0	0.047973224	0.055224991	0.446448494	0	0.048822857	0
3	site3_male45	59.39	2.94	0.69	4.26	25.16	0.049503283	0.011618118	0.071729247	0.423640343	IMG_2047	58.03	2.84	0.38	0	38.41	0.048940203	0.006548337	0	0.661899018	0.049221743	0
3	site3_male23	66.51	3.49	1.13	0.55	30.55	0.052473312	0.016989926	0.008269433	0.459329424	IMG_1822	65.87	3.13	0.88	0	39.12	0.047517838	0.013359648	0	0.59389707	0.049995575	0
3	site3_male40	55.54	2.8	0.68	3	31.02	0.050414116	0.012243428	0.054015124	0.558516385											0.050414116	0
3	site3_male15	74.53	3.79	2	4.66	37.71	0.050852006	0.026834832	0.062525158	0.50597075	IMG_1736	73.92	3.84	2.44	8.12	41.82	0.051948052	0.033008658	0.109848485	0.565746753	0.051400029	0
3	site3_male1	58.9	2.98	0.7	6.31	20.19	0.050594228	0.01188455	0.10713073	0.34278438	IMG_1586	56.65	3.05	0.31	2.42	29.83	0.053839365	0.005472198	0.042718447	0.526566637	0.052216796	0
3	site3_male6	71.24	4.592	0.9	0	48.09	0.06445817	0.012633352	0	0.675042111	IMG_1644	70.68	2.923	0.97	0	48.05	0.041355405	0.013723826	0	0.679824561	0.052906787	0
3	site3_male48	58.28	4.08	3.13	17.44	18.27	0.070006863	0.053706246	0.299245024	0.313486616	IMG_2078	56.58	2.09	1.27	33.92	0	0.036938848	0.022446094	0.599505125	0	0.053472856	0
3	site3_male51	73.01	4.66	1.72	0	27.47	0.063826873	0.023558417	0	0.376249829	IMG_2108	72.57	3.21	1.65	0	42.47	0.044233154	0.022736668	0	0.585228056	0.054030014	0
3	site3_male54	47.72	2.56	1.74	2.82	6.98	0.05364627	0.036462699	0.059094719	0.146269908	IMG_2137	47.98	2.62	1.08	3.21	9.1	0.054606086	0.022509379	0.066902876	0.189662359	0.054126178	0
3	site3_male114	61.76	2.93	2.38	0	4.85	0.04744171	0.038536269	0	0.078529793	IMG_5149	62.28	3.91	1.45	0	15.09	0.062780989	0.023281952	0	0.242292871	0.055111349	0
3	site3_male55	47.49	2.55	0.38	1.23	12.39	0.053695515	0.008001685	0.02590019	0.260897031	IMG_2148	48.16	2.87	0.67	1.75	15.85	0.059593023	0.01391196	0.036337209	0.329111296	0.056644269	0
3	site3_male41	57.52	3.53	0.81	0.29	34.69	0.061369958	0.014082058	0.005041725	0.603094576	IMG_2005	56.94	3.02	0.83	2.43	35.72	0.053038286	0.014576747	0.042676502	0.627327011	0.057204122	0
3	site3_male116	55.84	4.05	1.09	0.46	6.87	0.072528653	0.019520057	0.008237822	0.123030086	IMG_5169	57.56	2.44	1.06	0	11.86	0.042390549	0.018415566	0	0.206045865	0.057459601	0
3	site3_male61	61.44	3.61	1.6	2.99	18.84	0.05875651	0.026041667	0.048665365	0.306640625	IMG_2212	61.03	3.53	1.01	3.78	21.47	0.057840406	0.016549238	0.061936752	0.3517942	0.058298458	0
3	site3_male7	77.56	5.96	1.91	1.66	24.45	0.076843734	0.024626096	0.021402785	0.315239814	IMG_1655	74.12	2.97	2.07	0.82	50.48	0.040070157	0.027927685	0.011063141	0.681057744	0.058456945	0
3	site3_male31	63.1	3.9	1.8	3.26	33.36	0.061806656	0.028526149	0.051664025	0.528684628	IMG_1905	65.36	3.62	1.81	3.14	37.56	0.055385557	0.027692778	0.048041616	0.574663403	0.058596107	0
3	site3_male113	65.5	4.09	1.32	0	6.13	0.062442748	0.020152672	0	0.093587786	IMG_5140	65.09	3.57	0	0.99	15.83	0.054847135	0	0.01520971	0.243201721	0.058644941	0
3	site3_male20	50.12	3.06	1.79	0.51	18.68	0.061053472	0.035714286	0.010175579	0.372705507	IMG_1787	50.09	2.97	0.78	0	28.52	0.059293272	0.01557197	0	0.569375125	0.060173372	0
3	site3_male56	53.24	3.46	1.53	1.22	10.18	0.06498873	0.028737791	0.022915101	0.191209617	IMG_2157	52.69	3.13	1.63	0.96	14.29	0.059404061	0.030935661	0.018219776	0.271208958	0.062196396	0
3	site3_male44	58.19	3.3	0	0	31.91	0.056710775	0	0	0.54837601	IMG_2035	59.41	4.52	1.51	0	32.59	0.076081468	0.025416597	0	0.548560848	0.066396121	0
3	site3_male112	64.59	3.39	1.12	0	8.84	0.052484905	0.017340146	0	0.136863292	IMG_5132	64.08	5.24	1.22	0	17.13	0.081772784	0.019038702	0	0.267322097	0.067128844	0
3	site3_male49	56.74	2.35	0.39	4.19	26.64	0.04141699	0.006873458	0.073845612	0.469510046	IMG_2088	57.45	5.4	0.85	4.29	27.45	0.093994778	0.014795474	0.074673629	0.477806789	0.067705884	0
3	site3_male14	55.04	3.93	0.42	1.89	17.77	0.071402616	0.007630814	0.034338663	0.322856105	IMG_1727	55.51	3.75	0.47	2.87	28.35	0.067555395	0.008466943	0.051702396	0.510718789	0.069479006	0
3	site3_male64	53.56	3.92	1.08	2.48	6.19	0.073188947	0.020164302	0.046303211	0.115571322	IMG_2245	54.4	3.66	1.03	2.92	15.78	0.067279412	0.018933824	0.053676471	0.290073529	0.070234179	0
3	site3_male5	62.45	4.5	0	0	37.3	0.072057646	0	0	0.597277822	IMG_1634	60.52	4.38	0.37	0	33.55	0.072372769	0.006113681	0	0.554362194	0.072215208	0
3	site3_male24	52.78	4.58	0.74	2.1	28.4	0.086775294	0.014020462	0.039787798	0.538082607	IMG_1832	50.5	3.03	0.59	2.95	26.23	0.06	0.011683168	0.058415842	0.519405941	0.073387647	0
3	site3_male35	53.66	3.17	2	1.65	25.13	0.059075662	0.037271711	0.030749161	0.468319046	IMG_1945	54.18	4.79	0.85	0	31.53	0.088409007	0.015688446	0	0.581949059	0.073742334	0
3	site3_male33	53.37	4.05	1.52	1.7	24.09	0.075885329	0.02848042	0.031853101	0.451377178	IMG_1923	52.1	3.99	0.99	3.2	23.02	0.076583493	0.019001919	0.061420345	0.44184261	0.076234411	0
3	site3_male25	63.7	5.85	0.53	3.38	31.84	0.091836735	0.008320251	0.053061224	0.499843014	IMG_1842	63.26	3.85	0.64	4.11	33.45	0.060859943	0.010116978	0.064969965	0.528770155	0.076348339	0
3	site3_male22	71.95	4.92	0.47	1.78	37.98	0.06838082	0.006532314	0.024739402	0.527866574	IMG_1808	70.32	6.05	0.26	1.77	48.45	0.086035267	0.003697383	0.025170648	0.688993174	0.077208044	T
3	site3_male34	53.44	3.89	1.14	3.19	31.43	0.072791916	0.021332335	0.059693114	0.588136228	IMG_1934	53.61	4.45	0.88	0	30	0.083006902	0.016414848	0	0.55959709	0.077899409	T
3	site3_male38	58.82	4.35	0.58	0	32.02	0.073954437	0.009860592	0	0.544372662	IMG_1975	58.51	5.02	0.6	34.68	0	0.0857973	0.010254657	0.592719193	0	0.079875868	T
3	site3_male53	60.64	4.59	1.6	3.9	27.25	0.075692612	0.026385224	0.064313984	0.449373351	IMG_2127	60.06	5.34	0.52	2.18	37.97	0.088911089	0.008658009	0.036297036	0.632201132	0.082301851	T
3	site3_male66	57.88	4.79	0.92	6.36	11.09	0.082757429	0.015894955	0.109882516	0.191603317	IMG_2267	56.99	4.96	0.85	6.1	14.58	0.087032813	0.014914897	0.107036322	0.255834357	0.084895121	T
3	site3_male9	82.91	7.59	1.64	1.89	44.49	0.091545049	0.019780485	0.022795803	0.536605958	IMG_1678	81.59	6.77	0.96	2.28	48.75	0.082975855	0.011766148	0.027944601	0.597499694	0.087260452	T
3	site3_male62	56.59	5.67	1.87	2.51	11.68	0.100194381	0.033044708	0.044354126	0.20639689	IMG_2222	55.4	4.42	1.66	2.38	18.13	0.079783394	0.029963899	0.042960289	0.327256318	0.089988887	T
3	site3_male65	63.75	5.4	0.48	2.12	15.41	0.084705882	0.007529412	0.033254902	0.24172549	IMG_2255	63.72	6.45	0.65	3.09	20.56	0.101224105	0.010200879	0.048493409	0.322661645	0.092964994	T
3	site3_male50	53.37	5.4	1.45	0	23.44	0.101180438	0.027168821	0	0.439198051	IMG_2099	50.96	4.71	1.27	0	28.73	0.092425432	0.024921507	0	0.56377551	0.096802935	T
3	site3_male43	54.94	4.6	0.95	0	25.41	0.083727703	0.017291591	0	0.46250455	IMG_2024	53.09	6.49	0.85	0.86	28.63	0.122245244	0.016010548	0.016198908	0.539272933	0.102986473	T
3	site3_male8	77.55	8.37	0.71	2.87	35.7	0.107930368	0.009155384	0.037008382	0.460348162	IMG_1667	76.19	8.14	0.4	3.29	46.15	0.106838168	0.005250033	0.04318152	0.605722536	0.107384268	T
3	site3_male107	50.37	5.48	0.38	2.53	3.68	0.108794918	0.007544173	0.050228311	0.073059361	IMG_5088	49.42	5.82	1.31	2.49	7.01	0.117766087	0.026507487	0.05038446	0.141845407	0.113280502	T
3	site3_male37	45.91	5.59	1.22	0.94	20.41	0.121759965	0.026573731	0.020474842	0.444565454	IMG_1965	45	4.78	0.95	0	24.01	0.106222222	0.021111111	0	0.533555556	0.113991094	T
3	site3_male16	52.74	6.39	0.9	0	13.73	0.12116041	0.017064846	0	0.260333713	IMG_1747	52.67	5.88	1	1.24	21.05	0.111638504	0.01898614	0.023542814	0.399658249	0.116399457	T
3	site3_male27	69.83	8.89	0.76	2.47	41.44	0.127309179	0.010883574	0.035371617	0.593441214	IMG_1864	68.46	7.25	0.59	2.28	35.09	0.105901256	0.008618171	0.033304119	0.51256208	0.116605218	T
3	site3_male36	59.22	7.83	0.39	4.93	29.06	0.132218845	0.006585613	0.083248902	0.490712597	IMG_1954	60.14	6.75	2.59	2.85	35	0.112238111	0.043066179	0.047389425	0.581975391	0.122228478	T
3	site3_male32	51.68	6.26	0.96	1.71	22.19	0.121130031	0.018575851	0.033088235	0.429373065	IMG_1914	50.14	6.34	1	2.04	30	0.126445951	0.019944156	0.040686079	0.598324691	0.123787991	T
3	site3_male47	80.67	10.23	2.75	6.45	39.91	0.126812942	0.0340895	0.079955374	0.494731623	IMG_2067	79.05	10.4	3.38	4.16	44.89	0.131562302	0.042757748	0.052624921	0.567868438	0.129187622	T
3	site3_male10	52.84	7.59	1.45	0	12.76	0.143641181	0.027441332	0	0.241483724	IMG_1688	53.04	7.38	1.3	0.59	17.44	0.139140271	0.024509804	0.01112368	0.328808446	0.141390726	T
4	site4_male76	55	1.06	1.93	0	6.64	0.019272727	0.035090909	0	0.120727273	IMG_4336	55.14	0.35	1.85	2.13	11.81	0.006347479	0.033550961	0.038628945	0.214182082	0.012810103	B
4	site4_male4	66.01	1.37	2.05	4.08	32.57	0.020754431	0.031055901	0.061808817	0.493410089	IMG_2857	64.87	1.43	1.69	1.98	34.35	0.022044088	0.026052104	0.030522584	0.52952058	0.02139926	B
4	site4_male55	65.88	0.82	0.76	5.54	21.25	0.012446873	0.011536126	0.084092289	0.322556163	IMG_4130	64.24	2.02	0.36	2.46	22.55	0.031444583	0.005603985	0.038293898	0.351027397	0.021945728	B
4	site4_male72	64.22	0.72	2.19	0	16.76	0.011211461	0.034101526	0	0.260977889	IMG_4299	63.86	2.12	1.8	0.5	16.53	0.03319762	0.028186658	0.007829627	0.258847479	0.02220454	B
4	site4_male75	55.48	1.18	0.68	0	5.25	0.021268926	0.012256669	0	0.094628695	IMG_4328	56.8	1.35	1.31	0	8.39	0.023767606	0.02306338	0	0.147711268	0.022518266	B
4	site4_male71	44.96	1.04	1.26	0	3.66	0.023131673	0.028024911	0	0.081405694	IMG_4290	45.61	1.3	1.19	0	7.55	0.028502521	0.02609077	0	0.165533874	0.025817097	B
4	site4_male34	62.26	1.51	1.88	4.47	29.23	0.024253132	0.030195952	0.071795695	0.469482814	IMG_3111	60.67	1.72	1.67	2.21	34.94	0.028350091	0.02752596	0.03642657	0.575902423	0.026301611	B
4	site4_male25	53.44	1.4	0.59	1.62	24.88	0.026197605	0.011040419	0.030314371	0.465568862	IMG_3038	52.17	1.49	0.85	0.6	31.29	0.028560475	0.016292889	0.011500863	0.599769983	0.02737904	B
4	site4_male48	51.82	1.38	2.29	3.83	24.8	0.026630645	0.044191432	0.073909687	0.478579699	IMG_4055	51.75	1.55	1.55	5.13	28.63	0.029951691	0.029951691	0.099130435	0.553236715	0.028291168	B
4	site4_male61	74	1.28	2.42	5.13	19.68	0.017297297	0.032702703	0.069324324	0.265945946	IMG_4190	74.46	2.96	2.46	6.32	27.38	0.039752887	0.033037873	0.084877787	0.367714209	0.028525092	B
4	site4_male58	47.74	1.22	0.85	3.01	11.91	0.02555509	0.017804776	0.063049853	0.24947633	IMG_4158	47.51	1.56	0.8	2.97	12.62	0.032835193	0.01683856	0.062513155	0.265628289	0.029195141	B
4	site4_male44	64.92	2.17	1.97	2.25	29.46	0.033425755	0.03034504	0.034658041	0.453789279	IMG_4015	65	1.89	0.22	0	41.95	0.029076923	0.003384615	0	0.645384615	0.031251339	B
4	site4_male78	60.47	0.65	0.67	4.23	5.13	0.010749132	0.011079874	0.069952042	0.084835456	IMG_4355	59.96	3.33	1.05	3.63	7.52	0.055537025	0.017511674	0.06054036	0.125416945	0.033143078	B
4	site4_male26	61.23	2.1	1.52	0	32.28	0.034296913	0.024824432	0	0.527192553	IMG_3046	59.9	2.01	1.23	0	36.72	0.033555927	0.020534224	0	0.613021703	0.03392642	B
4	site4_male17	61.9	2.25	1.35	1.37	26.09	0.03634895	0.02180937	0.022132472	0.421486268	IMG_2974	60.24	1.94	0	3.27	35.32	0.032204515	0	0.054282869	0.586321381	0.034276733	B
4	site4_male51	74.11	3.39	2.17	8.16	35.36	0.045742815	0.029280799	0.110106598	0.477128593	IMG_4088	71.8	1.69	1.57	9.03	40.8	0.023537604	0.021866295	0.125766017	0.568245125	0.03464021	B
4	site4_male79	64.7	2.39	0	0	5.29	0.036939722	0	0	0.081761978	IMG_4365	63.05	2.42	0	0	8.09	0.038382236	0	0	0.128310864	0.037660979	B
4	site4_male8	61.5	2.2	0	1.33	14.57	0.035772358	0	0.021626016	0.236910569	IMG_2894	58.15	2.34	0.06	3.38	26.79	0.040240757	0.001031814	0.058125537	0.460705073	0.038006557	B
4	site4_male33	60.98	2.5	1.15	1.91	33.08	0.040997048	0.018858642	0.031321745	0.542472942	IMG_3103	60.64	2.2	1.17	1.86	36.19	0.036279683	0.019294195	0.030672823	0.596800792	0.038638366	B
4	site4_male65	46.86	1.54	0	2.39	7.23	0.03286385	0	0.051002988	0.154289373	IMG_4231	47.48	2.12	0	2.54	11.66	0.044650379	0	0.053496209	0.245577085	0.038757114	B
4	site4_male9	77.21	3.08	4.91	4.06	27.49	0.039891206	0.063592799	0.052583862	0.356041963	IMG_2902	75.34	2.896	3.61	2.03	50.2	0.038439076	0.047916114	0.026944518	0.666312716	0.039165141	0
4	site4_male47	94.34	2.78	0.93	8.42	60.86	0.029467882	0.009857961	0.089251643	0.64511342	IMG_4045	96.16	4.73	0.88	7.69	63.61	0.049188852	0.009151414	0.079970882	0.661501664	0.039328367	0
4	site4_male32	66.73	2.58	0.73	0.92	30.78	0.03866327	0.010939607	0.013786902	0.461261801	IMG_3095	65.84	2.79	0.33	1.09	34.35	0.042375456	0.005012151	0.016555286	0.52171932	0.040519363	0
4	site4_male64	46.68	1.94	1.15	3.23	9.59	0.041559554	0.024635818	0.069194516	0.205441302	IMG_4222	47.67	2.02	0.83	2.98	12.29	0.042374659	0.01741137	0.062513111	0.257814139	0.041967107	0
4	site4_male63	62.97	2.72	0.66	3.62	17.55	0.043195172	0.010481182	0.057487693	0.278704145	IMG_4212	61.99	2.56	0.71	4.09	19.41	0.041296983	0.01145346	0.065978384	0.313115019	0.042246078	0
4	site4_male42	52.96	1.329	1.87	0.55	23.15	0.025094411	0.035309668	0.010385196	0.437122356	IMG_3996	53.01	3.177	1.85	0.75	23.08	0.059932088	0.034899076	0.014148274	0.435389549	0.04251325	0
4	site4_male62	66.8	2.08	1.22	1.04	20.03	0.031137725	0.018263473	0.015568862	0.299850299	IMG_4202	66.24	3.63	1.12	1.13	22.32	0.054800725	0.016908213	0.017059179	0.336956522	0.042969225	0
4	site4_male56	59.04	2.32	1.14	4.77	13.87	0.039295393	0.019308943	0.080792683	0.234925474	IMG_4138	58.17	2.77	1.08	5.01	16.91	0.047619048	0.018566271	0.08612687	0.290699673	0.04345722	0
4	site4_male11	50.2	2.36	1.49	1.83	17.78	0.047011952	0.029681275	0.036454183	0.354183267	IMG_2921	49.32	2.08	1.28	1	19.47	0.04217356	0.02595296	0.02027575	0.394768856	0.044592756	0
4	site4_male27	58.8	1.359	2.03	3.98	29.93	0.023112245	0.03452381	0.067687075	0.509013605	IMG_3054	58.94	4.056	3.66	2.79	35.21	0.068815745	0.062097048	0.047336274	0.597387173	0.045963995	0
4	site4_male74	44.96	1.42	1.87	0	7.11	0.03158363	0.041592527	0	0.158140569	IMG_4320	45.59	2.76	1.88	0	8.51	0.060539592	0.041237113	0	0.186663742	0.046061611	0
4	site4_male12	51.65	2.11	1.58	1.19	16.85	0.040851888	0.030590513	0.02303969	0.326234269	IMG_2929	51.19	2.66	0.66	1.56	21.65	0.051963274	0.012893143	0.030474702	0.422934167	0.046407581	0
4	site4_male2	73.98	4.38	1.34	6.07	24.54	0.059205191	0.018113004	0.082049202	0.331711273	IMG_2840	73.25	2.62	1.81	3.4	35.14	0.035767918	0.024709898	0.046416382	0.479726962	0.047486554	0
4	site4_male41	51.68	3.18	3.17	1.42	21.75	0.061532508	0.061339009	0.02747678	0.420859133	IMG_3985	51.1	1.82	1.68	0.46	29.06	0.035616438	0.032876712	0.009001957	0.568688845	0.048574473	0
4	site4_male54	70.18	2.87	1.72	4.06	26.75	0.040894842	0.024508407	0.05785124	0.381162724	IMG_4120	69.3	4.52	1.25	4.41	24.01	0.065223665	0.018037518	0.063636364	0.346464646	0.053059254	0
4	site4_male59	44.34	1.9	1.46	3.98	12.26	0.042850699	0.032927379	0.089760938	0.276499774	IMG_4166	44.63	2.96	1.67	3.42	11.68	0.066323101	0.037418777	0.076630069	0.261707372	0.0545869	0
4	site4_male36	65.54	3.87	0.65	0	34.22	0.05904791	0.009917608	0	0.522123894	IMG_3130	64.57	3.34	0.85	0	38.31	0.051726808	0.013164008	0	0.593309586	0.055387359	0
4	site4_male49	73.36	2.873	2.32	6.49	38.59	0.039163032	0.031624864	0.08846783	0.526035987	IMG_4067	67.89	4.891	2.39	5.96	39.73	0.072043011	0.035204006	0.087789071	0.585211371	0.055603021	0
4	site4_male80	58.01	3.49	1.76	0	7.54	0.060162041	0.030339597	0	0.12997759	IMG_4375	58.34	3.1	0.93	1.71	13.27	0.053136784	0.015941035	0.029310936	0.227459719	0.056649413	0
4	site4_male70	49.78	2.92	0.92	2.86	11.08	0.058658096	0.018481318	0.057452792	0.222579349	IMG_4282	50.17	3.36	0.77	3.16	13.95	0.066972294	0.015347817	0.062985848	0.278054614	0.062815195	0
4	site4_male16	59.9	3.96	1.98	6.27	21.86	0.066110184	0.033055092	0.104674457	0.364941569	IMG_2964	58.99	3.67	2.29	6.44	25.83	0.062213935	0.038820139	0.109171046	0.437870826	0.064162059	0
4	site4_male68	62.25	3.73	0.73	2.21	15.28	0.059919679	0.011726908	0.035502008	0.245461847	IMG_4263	62.06	4.31	0.25	6.44	15.46	0.06944892	0.00402836	0.103770545	0.249113761	0.0646843	0
4	site4_male53	81.64	3.57	1.82	13.72	45.23	0.043728564	0.022292994	0.168054875	0.554017638	IMG_4108	76.05	6.58	0.92	9.79	46.29	0.086522025	0.012097304	0.128731098	0.608678501	0.065125295	0
4	site4_male10	52.12	3.43	1.47	0.3	11.71	0.06580967	0.028204144	0.005755948	0.22467383	IMG_2913	50.76	3.3	1.2	0.85	21.57	0.06501182	0.023640662	0.016745469	0.424940898	0.065410745	0
4	site4_male57	69.92	5.14	1.04	6.89	18.17	0.073512586	0.014874142	0.09854119	0.259868421	IMG_4148	69.94	4.41	1.9	8.09	24.43	0.063054046	0.027166142	0.115670575	0.349299399	0.068283316	0
4	site4_male35	51.31	3.68	1.12	4.43	24.51	0.071720912	0.021828104	0.086337946	0.477684662	IMG_3119	49.48	3.21	1.12	5.09	28.58	0.064874697	0.022635408	0.102869846	0.577607114	0.068297804	0
4	site4_male37	58.05	4.23	1.84	0	18.96	0.072868217	0.031696813	0	0.326614987	IMG_3139	55.27	3.69	1.44	0	26.88	0.066763163	0.026053917	0	0.486339787	0.06981569	0
4	site4_male52	52.29	2.94	0	6.69	25.48	0.0562249	0	0.127940333	0.487282463	IMG_4100	51.9	4.33	0	3.31	30.8	0.083429672	0	0.063776493	0.59344894	0.069827286	0
4	site4_male28	59.93	4.98	1.8	1.76	36.19	0.083096946	0.030035041	0.029367596	0.603871183	IMG_3062	57.24	3.51	2.51	3.48	39.42	0.061320755	0.043850454	0.060796646	0.688679245	0.072208851	0
4	site4_male77	51.39	3.92	1.98	0	4.58	0.076279432	0.038528897	0	0.089122397	IMG_4345	50.6	3.47	1.59	0	12.62	0.068577075	0.031422925	0	0.249407115	0.072428253	0
4	site4_male6	58.97	4.17	0.85	4.75	24.1	0.070713922	0.014414109	0.080549432	0.408682381	IMG_2876	56.19	4.22	1.15	3.04	27.41	0.075102331	0.020466275	0.054102153	0.487809219	0.072908127	0
4	site4_male21	49.64	3.55	0.67	0	21.62	0.071514907	0.01349718	0	0.435535858	IMG_3009	48.62	3.72	0.31	0.44	26.79	0.076511724	0.006375977	0.009049774	0.551007816	0.074013315	0
4	site4_male60	61.69	4.93	2.23	4.4	17.19	0.079915708	0.036148484	0.071324364	0.278651321	IMG_4179	59.72	4.09	2.52	3.59	18.34	0.068486269	0.042196919	0.060113865	0.307099799	0.074200988	0
4	site4_male15	49.76	3.77	1.52	0.61	21.31	0.075763666	0.030546624	0.012258842	0.428255627	IMG_2956	49.23	3.68	1.12	2.19	26.78	0.074751168	0.022750355	0.04448507	0.54397725	0.075257417	0
4	site4_male40	85.66	7.41	1.74	5.67	41.39	0.086504786	0.020312865	0.066191922	0.483189353	IMG_3966	85.27	5.61	0.59	6.25	57.72	0.065791017	0.006919198	0.073296587	0.676908643	0.076147902	0
4	site4_male30	64.2	4.97	0.86	4.67	28.61	0.07741433	0.013395639	0.072741433	0.445638629	IMG_3078	63.05	4.73	0.55	4.35	32.73	0.075019826	0.008723236	0.068992863	0.519111816	0.076217078	0
4	site4_male22	57.49	5.41	2.07	0	31.62	0.094103322	0.036006262	0	0.550008697	IMG_3015	56.87	3.38	1.35	0	27.36	0.059433796	0.023738351	0	0.481097239	0.076768559	0
4	site4_male67	102.33	6.87	2.15	5.71	25.17	0.067135737	0.021010456	0.055799863	0.245968924	IMG_4251	101.85	8.86	2.8	6.13	30.87	0.086990673	0.027491409	0.060186549	0.303092784	0.077063205	0
4	site4_male14	41.18	3.82	0.99	0	15.67	0.092763477	0.024040797	0	0.380524526	IMG_2948	39.65	2.61	0.89	0.56	21.27	0.065825977	0.022446406	0.014123581	0.536443884	0.079294727	0
4	site4_male39	42.47	2.89	0.86	0	20.03	0.068048034	0.020249588	0	0.471627031	IMG_3160	41.97	3.81	0.81	0	27.31	0.090779128	0.0192995	0	0.650702883	0.079413581	0
4	site4_male24	60.84	4.41	1.23	0	39.3	0.072485207	0.020216963	0	0.645956607	IMG_3032	61.05	5.35	1.71	0	42.07	0.087633088	0.028009828	0	0.689107289	0.080059147	T
4	site4_male50	71.72	4.7	2.68	6.15	35.18	0.065532627	0.03736754	0.085750139	0.490518684	IMG_4078	71.49	6.9	2.64	8.37	39.15	0.096516995	0.036928242	0.117079312	0.547629039	0.081024811	T
4	site4_male19	57.76	4.92	1.3	0	23.26	0.085180055	0.022506925	0	0.402700831	IMG_2991	55.93	4.36	1.31	31.31	0	0.077954586	0.023422135	0.559806901	0	0.081567321	T
4	site4_male46	52.65	4.42	1.8	0	22.07	0.083950617	0.034188034	0	0.419183286	IMG_4036	53.04	4.22	0.94	0	30.06	0.079562594	0.017722474	0	0.566742081	0.081756606	T
4	site4_male38	57.77	4.48	1.14	0.56	28.73	0.077548901	0.019733426	0.009693613	0.497316947	IMG_3147	57.95	5.1	0.33	0.32	34.53	0.088006903	0.005694564	0.005522002	0.595858499	0.082777902	T
4	site4_male29	61.93	4.9	1.49	2.03	34.58	0.079121589	0.024059422	0.032778944	0.558372356	IMG_3070	62.26	5.44	0.81	0.95	33.78	0.087375522	0.013009958	0.015258593	0.542563444	0.083248555	T
4	site4_male31	52.71	3.16	1.77	3.92	24.63	0.059950673	0.033579966	0.07436919	0.467273762	IMG_3086	52.44	5.67	1.1	3.84	37.64	0.10812357	0.020976354	0.073226545	0.717772693	0.084037122	T
4	site4_male1	80.14	7.57	1.05	2.5	31.22	0.094459696	0.013102071	0.031195408	0.389568256	IMG_2831	78.48	6.08	1.17	3.32	32.22	0.077471967	0.014908257	0.042303772	0.410550459	0.085965831	T
4	site4_male5	56.92	5.43	2.84	3.85	25.05	0.095397048	0.049894589	0.067638791	0.440091356	IMG_2866	53.8	4.16	1.44	0	29.26	0.07732342	0.026765799	0	0.543866171	0.086360234	T
4	site4_male23	53.18	5.37	1.59	1.4	16.45	0.100977811	0.029898458	0.026325686	0.309326815	IMG_3024	53.33	4.15	1.11	2.31	25.36	0.077817364	0.020813801	0.043315207	0.475529721	0.089397587	T
4	site4_male7	63.96	6.41	1.86	4.15	21.95	0.100218887	0.029080675	0.064884303	0.34318324	IMG_2885	64.14	5.19	1.35	0.78	32.31	0.080916745	0.021047708	0.012160898	0.503741815	0.090567816	T
4	site4_male66	37.62	3.5	2.75	3.01	4.25	0.093035619	0.073099415	0.080010633	0.112971823	IMG_4241	38.25	3.53	2.84	3.41	7.31	0.092287582	0.074248366	0.089150327	0.191111111	0.092661601	T
4	site4_male3	57.58	6.49	1.63	0	11.53	0.112712747	0.02830844	0	0.20024314	IMG_2848	56.56	4.86	1.31	0	28.55	0.08592645	0.023161245	0	0.504773692	0.099319599	T
4	site4_male45	50.19	5.16	2.46	3.65	22.59	0.102809325	0.049013748	0.07272365	0.450089659	IMG_4026	51.71	5.41	1.05	4.49	24.09	0.10462193	0.02030555	0.0868304	0.465867337	0.103715627	T
4	site4_male18	54.77	5.77	0.32	0	20.67	0.105349644	0.005842615	0	0.377396385	IMG_2983	53.92	5.65	0.51	0	26.68	0.104784866	0.009458457	0	0.494807122	0.105067255	T
4	site4_male20	60.36	7.34	4.42	19.98	0	0.121603711	0.073227303	0.331013917	0	IMG_2999	60.93	6.02	1.78	33.78	0	0.098801904	0.029213852	0.554406696	0	0.110202807	T
4	site4_male43	52.29	6.18	0	0.3	23.15	0.118187034	0	0.005737235	0.442723274	IMG_4006	52.54	5.47	0	0	29.08	0.104111153	0	0	0.553483061	0.111149094	T
4	site4_male13	60.69	9.59	0.88	0	28.48	0.158016148	0.014499918	0	0.469270061	IMG_2937	59.37	6.7	0.8	0.89	25.46	0.112851609	0.013474819	0.014990736	0.428836113	0.135433878	T
4	site4_male69	54.76	6.41	1.23	7.3	14.46	0.117056245	0.022461651	0.133308985	0.264061359	IMG_4272	54.72	8.82	2.3	6.24	13.31	0.161184211	0.042032164	0.114035088	0.243238304	0.139120228	T
4	site4_male73	44.52	7.6	0.56	3.82	5.87	0.170709793	0.012578616	0.085804133	0.131850854	IMG_4310	44.42	7.25	0.4	3.25	11.23	0.163214768	0.009004953	0.073165241	0.252814048	0.166962281	T
5	site5_male3	71.12	0	1.67	1.96	15.63	0	0.02348144	0.027559055	0.219769404	IMG_3188	71.29	0	0.77	0	42.76	0	0.010800954	0	0.599803619	0	B
5	site5_male25	52.26	0.17	2.11	1.39	19.44	0.003252966	0.040375048	0.02659778	0.371986223	IMG_3394	53.89	0	2.4	1.39	27.82	0	0.044535164	0.025793283	0.516236779	0.001626483	0
5	site5_male2	63.19	0.68	0.88	2.24	28.08	0.010761196	0.013926254	0.035448647	0.44437411	IMG_3181	61.64	0	1.02	2.6	36.71	0	0.016547696	0.042180402	0.595554835	0.005380598	B
5	site5_male13	55.7	0.61	1.62	1.24	17.2	0.010951526	0.029084381	0.022262118	0.308797127	IMG_3281	53.71	0.6	1.34	1.22	23.78	0.011171104	0.024948799	0.022714578	0.442748092	0.011061315	B
5	site5_male115	70.96	0.91	1.46	0	2.49	0.012824126	0.020574972	0	0.035090192	IMG_4908	71.55	0.86	1.13	0	6.27	0.012019567	0.015793152	0	0.087631027	0.012421847	B
5	site5_male26	59.36	1.25	2.15	0.86	32.2	0.021057951	0.036219677	0.014487871	0.54245283	IMG_3414	55.64	0.59	1.3	0	34.9	0.010603882	0.023364486	0	0.627246585	0.015830917	B
5	site5_male38	47.54	0.69	2.14	3.34	19.55	0.014514093	0.045014724	0.070256626	0.411232646	IMG_3522	46.27	1.04	2.72	4.26	21.66	0.022476767	0.05878539	0.092068295	0.468121893	0.01849543	B
5	site5_male21	66.43	1.11	0.6	1.87	34.9	0.016709318	0.009032064	0.028149932	0.525365046	IMG_3359	63.83	1.91	0	2.22	0	0.029923234	0	0.034779884	0	0.023316276	B
5	site5_male56	55.25	1.07	0.41	2.38	14.75	0.019366516	0.007420814	0.043076923	0.266968326	IMG_3695	55.96	1.76	0.45	2.98	17.49	0.031451036	0.008041458	0.053252323	0.312544675	0.025408776	B
5	site5_male33	61.9	1.08	1.73	4.08	29.44	0.017447496	0.027948304	0.065912763	0.475605816	IMG_3477	58.75	1.97	1.17	2.8	35.77	0.033531915	0.019914894	0.047659574	0.608851064	0.025489705	B
5	site5_male44	67.11	1.57	0.99	3.08	33.68	0.023394427	0.0147519	0.0458948	0.501862614	IMG_3578	64.32	1.96	0.69	2.41	39.35	0.030472637	0.010727612	0.037468905	0.611784826	0.026933532	B
5	site5_male5	54.91	1.03	1.3	0.32	24.06	0.018757968	0.023675105	0.005827718	0.438171553	IMG_3210	53.27	2.07	1.54	2.08	26.83	0.038858645	0.02890933	0.039046368	0.503660597	0.028808306	B
5	site5_male65	51.13	1.96	1.19	1.8	8.31	0.038333659	0.023274007	0.035204381	0.162526892	IMG_4416	51.4	1.26	0.58	2.16	14.11	0.024513619	0.011284047	0.042023346	0.274513619	0.031423639	B
5	site5_male58	55.24	1.94	2.27	0	12.43	0.035119479	0.041093411	0	0.225018103	IMG_3714	55.89	1.61	0	2.9	17.8	0.028806584	0	0.051887636	0.318482734	0.031963032	B
5	site5_male43	56.97	1.47	1.59	0.91	34.86	0.025803054	0.027909426	0.015973319	0.611901001	IMG_3567	56.75	2.33	0	1.47	3.25	0.041057269	0	0.025903084	0.057268722	0.033430161	B
5	site5_male42	46.22	1.88	2.93	0.19	24.17	0.040675032	0.063392471	0.004110775	0.522933795	IMG_3558	45.04	1.18	2.22	0.43	25.04	0.026198934	0.04928952	0.009547069	0.555950266	0.033436983	B
5	site5_male9	48.24	1.7	0.18	0	8.78	0.035240464	0.003731343	0	0.182006633	IMG_3243	48.28	1.63	0.2	2.2	16.94	0.033761392	0.004142502	0.045567523	0.350869925	0.034500928	B
5	site5_male61	66.05	2.2	1.72	3.78	14.03	0.0333081	0.026040878	0.057229372	0.212414837	IMG_3742	66.36	2.43	0.64	3.72	22.72	0.036618445	0.009644364	0.056057866	0.342374925	0.034963272	B
5	site5_male20	47.05	1.5	0.88	2.61	15.34	0.031880978	0.018703507	0.055472901	0.326036132	IMG_3349	46.55	1.85	0.26	1.72	21.1	0.039742213	0.005585392	0.036949517	0.453276047	0.035811595	B
5	site5_male63	58.88	1.74	1.83	2.33	14	0.02955163	0.031080163	0.039572011	0.237771739	IMG_4396	58.57	2.58	1.52	2.47	20.06	0.044049855	0.025951852	0.04217176	0.342496158	0.036800743	B
5	site5_male50	75.66	3.49	1.71	0.85	34.2	0.046127412	0.02260111	0.01123447	0.452022205	IMG_3638	74.91	2.14	2.12	0.71	45.11	0.028567614	0.028300627	0.00947804	0.602189294	0.037347513	0
5	site5_male40	63.67	2.26	2.39	4.24	30.61	0.035495524	0.037537302	0.066593372	0.48076017	IMG_3539	64.12	2.65	1.28	5.84	39.72	0.041328759	0.01996257	0.091079226	0.619463506	0.038412141	0
5	site5_male120	54.16	2.21	0.82	1.81	5.04	0.040805022	0.015140325	0.033419498	0.093057607	IMG_5210	52.73	2.04	1.03	2.47	8.81	0.038687654	0.019533472	0.046842405	0.167077565	0.039746338	0
5	site5_male119	58.36	2.19	1.16	0	5.03	0.037525703	0.019876628	0	0.086189171	IMG_5203	57.66	2.53	1.3	0	7.51	0.043877905	0.022545959	0	0.130246271	0.040701804	0
5	site5_male34	47.86	2.12	2.34	5.98	15.81	0.044295863	0.048892603	0.124947764	0.330338487	IMG_3488	47.79	2.1	0.34	6.28	23.81	0.043942247	0.007114459	0.131408244	0.498221385	0.044119055	0
5	site5_male10	60.85	2.89	1.01	4.45	21.99	0.047493837	0.016598192	0.073130649	0.361380444	IMG_3252	58.02	2.38	1.03	4.41	26.25	0.041020338	0.017752499	0.076008273	0.452430196	0.044257088	0
5	site5_male30	51	2.48	0.88	1.38	26.07	0.048627451	0.017254902	0.027058824	0.511176471	IMG_3449	50.89	2.07	0.87	1.08	32.03	0.040675968	0.017095697	0.021222244	0.629396738	0.044651709	0
5	site5_male41	60.83	2.81	1.02	0	27.62	0.046194312	0.016768042	0	0.454052277	IMG_3549	60.3	2.6	0.3	0	37.13	0.043117745	0.004975124	0	0.615754561	0.044656028	0
5	site5_male59	49.61	2.09	0.46	1.69	8.14	0.042128603	0.009272324	0.034065713	0.164079823	IMG_3722	49.76	2.37	0.31	2.48	15.12	0.047628617	0.006229904	0.049839228	0.303858521	0.04487861	0
5	site5_male69	54.18	2.96	1.61	2.99	15.04	0.054632706	0.029715762	0.055186416	0.277593208	IMG_4458	53.15	2.04	1.8	2.79	21.02	0.038381938	0.033866416	0.052492944	0.395484478	0.046507322	0
5	site5_male14	61.91	2.06	1.41	0	30.46	0.033274108	0.022774996	0	0.492004523	IMG_3292	59.54	3.56	0.73	0	34.76	0.059791737	0.012260665	0	0.583809204	0.046532922	0
5	site5_male19	51.09	2.21	0.87	2.09	18.63	0.043256997	0.017028773	0.040908201	0.364650617	IMG_3336	49.51	2.55	0.67	1.41	25.32	0.051504747	0.01353262	0.028479095	0.511411836	0.047380872	0
5	site5_male70	56.78	2.38	1.42	3.68	16.7	0.041916168	0.025008806	0.064811553	0.294117647	IMG_4469	55.31	2.98	1.25	3.45	17.71	0.053878141	0.022599892	0.062375701	0.320195263	0.047897155	0
5	site5_male51	56.61	2.53	2.12	0	22.83	0.044691751	0.037449214	0	0.403285639	IMG_3647	56.26	2.89	1.17	0	36.25	0.051368646	0.020796303	0	0.644329897	0.048030198	0
5	site5_male28	72.37	3.64	3.29	0.59	42.22	0.050297084	0.045460826	0.008152549	0.583390908	IMG_3430	73.28	3.42	2.07	3.86	45.65	0.046670306	0.028247817	0.052674672	0.622953057	0.048483695	0
5	site5_male118	61.31	2.65	0.87	0.87	7.17	0.043222965	0.014190181	0.014190181	0.116946664	IMG_5194	61.76	3.42	1.38	0.36	8.9	0.055375648	0.02234456	0.005829016	0.144106218	0.049299306	0
5	site5_male12	58.22	4.21	2.23	0.8	19.95	0.07231192	0.038302989	0.013740982	0.342665751	IMG_3271	57.26	1.55	0.39	1.04	25.97	0.027069508	0.006811037	0.018162766	0.453545232	0.049690714	0
5	site5_male1	66.56	3.74	1.9	0.96	26.14	0.056189904	0.028545673	0.014423077	0.392728365	IMG_3173	64.77	3.18	0.54	0.43	30.89	0.049096804	0.008337193	0.006638876	0.476918326	0.052643354	0
5	site5_male46	62.9	2.94	0.97	3.15	25.97	0.046740859	0.015421304	0.050079491	0.412877583	IMG_3599	60.45	4.42	1.42	3.8	33.36	0.07311828	0.023490488	0.062861869	0.551861042	0.059929569	0
5	site5_male8	72.12	3.607	1.71	3.91	15.97	0.050013866	0.023710483	0.054215197	0.221436495	IMG_3235	71.61	5.096	0.72	4.36	38.14	0.071163245	0.010054462	0.060885351	0.532607178	0.060588556	0
5	site5_male45	47.04	2.77	1.75	0	20.41	0.058886054	0.037202381	0	0.433886054	IMG_3589	46.31	2.89	2.3	0.55	27.8	0.062405528	0.049665299	0.011876485	0.600302311	0.060645791	0
5	site5_male68	55.72	3.61	1.86	6.49	8.86	0.064788227	0.033381192	0.116475233	0.159009332	IMG_4448	53.69	3.05	1.3	5.69	14.29	0.056807599	0.024213075	0.105978767	0.266157571	0.060797913	0
5	site5_male67	51.28	3.12	1.92	3.59	8.79	0.060842434	0.037441498	0.0700078	0.171411856	IMG_4435	49.82	3.08	1.64	3.35	15.77	0.061822561	0.032918507	0.067242071	0.316539542	0.061332497	0
5	site5_male66	107.98	6.66	3.41	5.02	15.23	0.061678089	0.031579922	0.046490091	0.141044638	IMG_4427	107.59	7.45	2.14	7.02	26.31	0.069244354	0.019890324	0.0652477	0.244539455	0.065461221	0
5	site5_male35	48.1	3.68	2.06	2.61	22.06	0.076507277	0.042827443	0.054261954	0.458627859	IMG_3497	49.56	2.76	1.9	3.72	25.54	0.055690073	0.038337369	0.075060533	0.515334948	0.066098675	0
5	site5_male47	59.16	3.93	2.66	3.61	31.96	0.06643002	0.044962813	0.06102096	0.540229885	IMG_3609	58.65	3.9	1.74	4.64	30.94	0.066496164	0.029667519	0.079113384	0.527536232	0.066463092	0
5	site5_male113	63.34	4.7	1.22	0	8.05	0.074202716	0.01926113	0	0.127091885	IMG_4890	63.95	3.82	0.11	0	14.29	0.059734167	0.001720094	0	0.223455825	0.066968441	0
5	site5_male32	49.05	3.31	2.93	1.96	20.11	0.067482161	0.059734964	0.039959225	0.409989806	IMG_3468	49.14	3.32	2.21	2.53	26.37	0.067562068	0.044973545	0.051485551	0.536630037	0.067522114	0
5	site5_male49	61.41	4.13	2.53	5.01	24.12	0.06725289	0.041198502	0.081582804	0.392769907	IMG_3626	60.39	4.13	1.84	4.41	28.03	0.068388806	0.030468621	0.073025335	0.464149694	0.067820848	0
5	site5_male17	54.2	3.68	2.67	3.07	20.24	0.067896679	0.049261993	0.056642066	0.373431734											0.067896679	0
5	site5_male112	57.29	4.31	1.51	0	2.73	0.075231279	0.02635713	0	0.047652295	IMG_4881	56.49	3.52	0.73	0	9.23	0.062311914	0.012922641	0	0.163391751	0.068771597	0
5	site5_male62	57.95	4.06	2.4	2.57	8.57	0.070060397	0.041415013	0.044348576	0.147886109	IMG_4385	57.58	3.97	1.93	1.87	17.01	0.068947551	0.033518583	0.032476554	0.295415075	0.069503974	0
5	site5_male55	60.09	4.38	0.97	2.68	9.09	0.072890664	0.016142453	0.044599767	0.15127309	IMG_3686	57.94	4.06	0.98	2.71	13.13	0.070072489	0.016914049	0.046772523	0.226613738	0.071481576	0
5	site5_male114	58.23	3.83	1.47	0	4.13	0.065773656	0.025244719	0	0.07092564	IMG_4899	58.28	4.55	2.3	0	3.87	0.07807138	0.039464653	0	0.066403569	0.071922518	0
5	site5_male29	56.49	3.58	1.17	0.22	26.65	0.063374049	0.02071163	0.003894495	0.471764914	IMG_3439	54.86	4.54	0.85	1.66	28.43	0.082756106	0.015493985	0.030258841	0.518228217	0.073065077	0
5	site5_male57	51.5	3.81	0.97	1.98	10.29	0.073980583	0.018834951	0.038446602	0.199805825	IMG_3704	51.17	3.72	0.89	2.07	16.18	0.072698847	0.017393004	0.040453391	0.316200899	0.073339715	0
5	site5_male31	56.88	4.33	1.26	3.76	22.59	0.076125176	0.022151899	0.066104079	0.397151899	IMG_3459	57.49	4.11	0.73	2.45	29.06	0.071490694	0.01269786	0.042616107	0.505479214	0.073807935	0
5	site5_male36	62.04	4.05	1.88	0	36.89	0.065280464	0.03030303	0	0.594616377	IMG_3504	59.01	5.09	2.04	0	34.44	0.086256567	0.034570412	0	0.583629893	0.075768515	0
5	site5_male15	62.08	4.52	1.46	0.51	29.82	0.072809278	0.023518041	0.008215206	0.480347938	IMG_3302	61.07	5.2	1.24	0.68	30.49	0.085148191	0.020304569	0.011134763	0.499263141	0.078978734	0
5	site5_male60	70.38	5.14	0.65	6.01	14.8	0.073032111	0.009235578	0.085393578	0.210287013	IMG_3732	70.14	6.16	0	3.51	23.11	0.087824351	0	0.050042772	0.329483889	0.080428231	T
5	site5_male18	54.34	4.12	1.82	3.18	16.26	0.075818918	0.033492823	0.058520427	0.299227089	IMG_3325	54.06	4.62	2.06	3.91	22.33	0.085460599	0.038105808	0.072327044	0.413059563	0.080639759	T
5	site5_male24	58.41	4.76	2.66	1.18	22.35	0.081492895	0.045540147	0.02020202	0.382639959	IMG_3385	57.36	4.59	1.63	0	32.84	0.080020921	0.028417015	0	0.572524407	0.080756908	T
5	site5_male16	63.58	5.8	3.26	2.29	24.45	0.091223655	0.051273986	0.036017616	0.384554891	IMG_3310	62.65	4.46	2.05	2.07	24.81	0.071189146	0.032721468	0.033040702	0.396009577	0.081206401	T
5	site5_male27	53.88	4.1	1.86	3.48	21.06	0.076095026	0.034521158	0.064587973	0.390868597	IMG_3420	52.2	4.78	0.11	3.19	28.66	0.091570881	0.00210728	0.061111111	0.549042146	0.083832954	T
5	site5_male54	48.46	4.21	1.42	3.37	8.65	0.086875774	0.029302518	0.06954189	0.17849773	IMG_3667	48.33	3.92	1	3.15	11.89	0.081109042	0.020691082	0.065176909	0.246016967	0.083992408	T
5	site5_male116	61.12	3.951	0	0.67	12.28	0.064643325	0	0.010962042	0.20091623	IMG_5178	61.01	6.901	0	1.05	14.47	0.113112604	0	0.017210293	0.237174234	0.088877965	T
5	site5_male53	68.56	5.42	1.32	3.87	14.23	0.079054842	0.019253209	0.056446908	0.207555426	IMG_3663	66.24	6.59	1.29	3.73	19.55	0.099486715	0.019474638	0.056310386	0.295138889	0.089270779	T
5	site5_male111	57.71	4.82	2.95	0	4.52	0.083521054	0.051117657	0	0.078322648	IMG_4872	58.31	5.56	2.49	0	6.08	0.095352427	0.042702795	0	0.10427028	0.08943674	T
5	site5_male37	60.68	4.33	1.26	3.58	28.89	0.071357943	0.020764667	0.058998022	0.476104153	IMG_3513	59.15	6.37	0.85	3.29	33.95	0.107692308	0.014370245	0.055621302	0.573964497	0.089525126	T
5	site5_male7	71.08	6.22	0.83	0	33.83	0.087507034	0.011676984	0	0.4759426	IMG_3226	68.54	6.33	1.29	0	46.26	0.092354829	0.018821126	0	0.674934345	0.089930932	T
5	site5_male117	63.12	5.92	0	0	0.85	0.093789607	0	0	0.013466413	IMG_5186	63.76	6.14	0	0	8.13	0.09629862	0	0	0.12750941	0.095044113	T
5	site5_male48	48.93	5.18	1.55	3.66	22.74	0.105865522	0.031677907	0.074800736	0.464745555	IMG_3618	48.32	5.11	1.32	3.81	25.08	0.105753311	0.027317881	0.078849338	0.519039735	0.105809417	T
5	site5_male64	57.33	6.11	0	4.85	10.41	0.106575964	0	0.084597942	0.181580324	IMG_4407	55.82	6.49	0	4.46	15.54	0.116266571	0	0.079899678	0.278394841	0.111421267	T
5	site5_male39	60.21	7.44	1.04	1.44	27.45	0.123567514	0.017272878	0.023916293	0.455904335	IMG_3531	58.49	6.42	1.1	4.19	30.46	0.109762353	0.018806634	0.071636177	0.520772782	0.116664933	T
5	site5_male25.1	48.03	6.54	2.04	3.66	17.72	0.136164897	0.042473454	0.076202374	0.368936082	IMG_3405	48.84	5.12	1.53	4.22	26.49	0.104832105	0.031326781	0.086404586	0.542383292	0.120498501	0
5	site5_male22	63.57	7.54	1.49	2.74	25.72	0.118609407	0.023438729	0.043102092	0.404593362	IMG_3367	63.59	7.87	2.15	3.14	34.91	0.123761598	0.033810348	0.049378833	0.54898569	0.121185502	T
5	site5_male23	59.83	7.24	1.65	1.05	25.38	0.121009527	0.027578138	0.017549724	0.424201905	IMG_3375	60.45	7.47	0	4.48	29.82	0.123573201	0	0.074110835	0.493300248	0.122291364	T
5	site5_male52	60.31	8.8	0.74	7.58	23.9	0.145912784	0.012269939	0.125683966	0.396285856	IMG_3657	60.09	6.6	0.69	1.37	31.92	0.109835247	0.011482776	0.022799135	0.531203195	0.127874016	T
5	site5_male11	50.71	7.53	0.93	1.19	12.79	0.148491422	0.018339578	0.023466772	0.252218497	IMG_3261	50	5.53	2.11	1.27	22.41	0.1106	0.0422	0.0254	0.4482	0.129545711	T
5	site5_male6	48.68	5.12	1.58	0	9.95	0.105176664	0.032456861	0	0.204396056	IMG_3218	48.32	8.17	0.84	1.04	25.56	0.169081126	0.017384106	0.021523179	0.52897351	0.137128895	T
5	site5_male4	60.11	10.61	1.75	3.84	17.31	0.176509732	0.029113292	0.063882881	0.287972051	IMG_3203	60.13	10.52	1.29	4.6	22.55	0.174954266	0.021453517	0.076500915	0.375020788	0.175731999	T
6	site6_male58	83.4	0.36	0.37	6.99	26.59	0.004316547	0.004436451	0.08381295	0.31882494	IMG_5783	80.82	0.5	0.31	4.38	37.01	0.006186587	0.003835684	0.054194506	0.457931205	0.005251567	B
6	site6_male75	85.54	2.59	0.3	4.38	30.82	0.030278232	0.003507131	0.051204115	0.360299275	IMG_5943	85.82	2.06	0.4	7.74	28.92	0.024003729	0.004660918	0.090188767	0.336984386	0.027140981	B
6	site6_male74	54.31	1.7	0	6.8	14.49	0.031301786	0	0.125207144	0.266801694	IMG_5933	54.2	1.78	0	4.92	19.59	0.032841328	0	0.090774908	0.361439114	0.032071557	B
6	site6_male41	59.06	3.16	0.93	0.55	28.75	0.05350491	0.015746698	0.009312563	0.486793092	IMG_5621	59.25	0.96	0.93	2.32	37.42	0.016202532	0.015696203	0.039156118	0.631561181	0.034853721	B
6	site6_male60	60.11	2.45	0.48	2.23	23.35	0.040758609	0.00798536	0.037098652	0.3884545	IMG_5801	61.56	2.08	0.5	2.18	26.79	0.033788174	0.008122157	0.035412606	0.435185185	0.037273392	B
6	site6_male33	62.97	2.42	1.74	3.79	34.25	0.038430999	0.027632206	0.060187391	0.543909798	IMG_5542	62.17	2.39	1.79	4.54	34.66	0.038442979	0.028792022	0.073025575	0.557503619	0.038436989	B
6	site6_male63	66.11	2.58	1.34	4.08	23.79	0.039025866	0.020269248	0.061715323	0.359854787	IMG_5829	66.74	2.74	1.21	0	24.46	0.04105484	0.018130057	0	0.366496853	0.040040353	B
6	site6_male20	57.74	2.8	0.86	0	23.52	0.048493246	0.014894354	0	0.407343263	IMG_5405	57.79	1.92	1.28	0	32.44	0.033223741	0.022149161	0	0.561342793	0.040858493	B
6	site6_male32	60.09	1.86	2.17	5.99	33.57	0.03095357	0.036112498	0.099683808	0.558662007	IMG_5532	59.73	3.38	1.17	4.6	33.63	0.056587979	0.019588147	0.077013226	0.563033651	0.043770774	B
6	site6_male68	70.91	2.99	1.38	4.72	30.62	0.042166126	0.019461289	0.066563249	0.431814977	IMG_5872	70.01	3.37	1.01	5.54	32.59	0.048135981	0.01442651	0.079131553	0.465504928	0.045151053	B
6	site6_male72	72.88	2.94	1.2	7.28	26.26	0.040340285	0.016465423	0.099890231	0.360318332	IMG_5914	71.17	3.6	0.93	5.15	30.24	0.050583111	0.013067304	0.07236195	0.424898131	0.045461698	B
6	site6_male2	76	5.13	1.82	0	31.71	0.0675	0.023947368	0	0.417236842	IMG_5227	74.83	3.09	1.95	5.34	39.23	0.041293599	0.026059067	0.071361753	0.524254978	0.054396799	B
6	site6_male34	62.48	3.66	1.62	0.97	28.71	0.058578745	0.025928297	0.015524968	0.459507042	IMG_5550	63.64	3.59	1.01	0	39.97	0.056411062	0.015870522	0	0.628064111	0.057494904	B
6	site6_male7	67.01	3.28	2.05	1.07	30.28	0.048947918	0.030592449	0.015967766	0.451872855	IMG_5272	65.08	4.47	0.79	1.91	38.01	0.068684696	0.012138906	0.029348494	0.5840504	0.058816307	B
6	site6_male55	61.54	3.74	1.2	4.14	20.63	0.060773481	0.019499513	0.067273318	0.335229119	IMG_5755	61.23	3.52	0.65	2.24	19.7	0.057488159	0.010615711	0.036583374	0.32173771	0.05913082	B
6	site6_male73	75.65	4.06	1.31	3.59	22.55	0.053668209	0.01731659	0.047455387	0.298083278	IMG_5923	75.17	5.1	1.08	3.02	28.6	0.067846215	0.014367434	0.040175602	0.380470933	0.060757212	B
6	site6_male43	69.82	4.15	2.44	6.45	41.18	0.059438556	0.034947007	0.092380407	0.589802349	IMG_5639	69.55	4.64	2.18	3	45.05	0.066714594	0.031344357	0.043134436	0.647735442	0.063076575	B
6	site6_male30	103.74	6.24	1.57	0	57.21	0.060150376	0.015133989	0	0.551474841	IMG_5515	104.33	7.13	2.38	0	65.91	0.068340842	0.02281223	0	0.631745423	0.064245609	B
6	site6_male86	81.74	4.98	1	0	22.34	0.060924884	0.012233912	0	0.273305603	IMG_6054	81.65	5.79	0.86	0	23.56	0.070912431	0.010532762	0	0.288548683	0.065918657	B
6	site6_male78	63.86	4.39	1.15	0.69	19.93	0.068744128	0.018008143	0.010804886	0.312088945											0.068744128	B
6	site6_male56	65.93	4.54	0.83	3.61	24.81	0.068860913	0.01258911	0.054755043	0.376308206	IMG_5762	66.24	5.02	1.02	2.6	22.44	0.075785024	0.015398551	0.039251208	0.338768116	0.072322969	0
6	site6_male57	67.84	5.19	0	2.58	22.01	0.076503538	0	0.03803066	0.324439858	IMG_5772	65.79	4.63	0	2.6	24.18	0.070375437	0	0.039519684	0.36753306	0.073439487	0
6	site6_male64	68.64	5.35	2.13	3.52	15.91	0.07794289	0.031031469	0.051282051	0.231789044	IMG_5837	66.87	4.64	1.69	5.16	20.63	0.069388365	0.025272918	0.077164648	0.308509047	0.073665628	0
6	site6_male27	70.3	5.16	0	0	36.75	0.073399716	0	0	0.522759602	IMG_5487	69.94	5.6	0	0	39.49	0.08006863	0	0	0.564626823	0.076734173	0
6	site6_male51	66.65	6.78	1.32	8.02	37.05	0.101725431	0.019804951	0.120330083	0.555888972	IMG_5712	64.23	3.53	0.96	7.5	41.88	0.054958742	0.014946287	0.116767865	0.652031761	0.078342087	0
6	site6_male47	80.2	6.86	0.74	0	44.85	0.08553616	0.009226933	0	0.559226933	IMG_5676	79.08	5.63	1.09	0	49.2	0.071193728	0.01378351	0	0.62215478	0.078364944	0
6	site6_male67	64.02	4.83	1.22	5.02	14.66	0.075445173	0.019056545	0.078412996	0.22899094	IMG_5863	64.3	5.33	1.47	5.16	15.2	0.082892691	0.022861586	0.080248834	0.236391913	0.079168932	0
6	site6_male16	59.92	5.07	0.1	0	28.63	0.084612817	0.001668892	0	0.477803738	IMG_5364	60.79	4.51	0.21	0	36.21	0.074189834	0.003454516	0	0.59565718	0.079401325	0
6	site6_male5	66.17	5.25	0.51	4.7	36.84	0.079341091	0.00770742	0.071029167	0.556747771	IMG_5253	65.83	5.33	1.18	4.36	40.32	0.080966125	0.017924958	0.066231202	0.612486708	0.080153608	0
6	site6_male22	46.12	4.04	0.83	1.08	18.8	0.087597572	0.017996531	0.023417173	0.407632264	IMG_5430	46.34	3.44	0.6	0	24.46	0.074233923	0.012947777	0	0.527837721	0.080915747	0
6	site6_male45	73.99	4.63	2.53	2.01	40.24	0.062576024	0.03419381	0.027165833	0.543857278	IMG_5658	74.48	7.48	2.19	4.81	44.86	0.100429646	0.029403867	0.064581096	0.602309345	0.081502835	0
6	site6_male49	66.8	6.05	3.13	0.52	38.3	0.090568862	0.046856287	0.007784431	0.573353293	IMG_5694	66.12	5.01	1.56	0	39.87	0.075771325	0.023593466	0	0.602994555	0.083170094	0
6	site6_male44	60.84	5.72	1.31	3.9	29.61	0.094017094	0.021531887	0.064102564	0.486686391	IMG_5647	58.73	4.28	1.02	3.89	30.66	0.072875873	0.017367615	0.066235314	0.52205006	0.083446483	0
6	site6_male40	68.09	5.6	2.12	3.08	27.38	0.082244089	0.031135262	0.045234249	0.402114848	IMG_5610	67.07	5.75	2.52	3.24	33.82	0.085731325	0.037572685	0.048307738	0.504249292	0.083987707	0
6	site6_male23	79.95	6.29	1.83	4.81	44.81	0.078674171	0.022889306	0.060162602	0.560475297	IMG_5442	76.84	6.95	1.68	4.07	52.55	0.090447683	0.021863613	0.052967205	0.6838886	0.084560927	0
6	site6_male87	64.56	5.53	2.97	1.31	10.04	0.085656753	0.046003717	0.020291202	0.15551425											0.085656753	0
6	site6_male77	74.97	6.05	1.16	6.91	22.05	0.080698946	0.015472856	0.092170201	0.294117647	IMG_5961	75.23	6.85	1	5.04	24.14	0.091054101	0.013292569	0.06699455	0.320882627	0.085876524	0
6	site6_male66	75.86	7.23	2.41	5.75	28.22	0.095307145	0.031769048	0.075797522	0.372001055	IMG_5854	73.47	5.92	1.58	5.19	30.25	0.080577106	0.021505376	0.070641078	0.41173268	0.087942126	0
6	site6_male42	68.31	5.33	2.33	2.61	41.73	0.078026643	0.034109208	0.038208169	0.610891524	IMG_5629	68.24	6.85	2.14	5.85	37.82	0.100381008	0.031359906	0.085726846	0.554220399	0.089203826	0
6	site6_male13	59.57	6.08	1.43	4.06	29.16	0.102064798	0.024005372	0.068155112	0.489508142	IMG_5333	59.69	4.63	1.73	3.62	31.04	0.077567432	0.028983079	0.060646674	0.520020104	0.089816115	0
6	site6_male14	64.75	5.66	2.9	0.73	21.68	0.087413127	0.044787645	0.011274131	0.334826255	IMG_5342	63.42	5.91	1.97	0.72	36.94	0.093188269	0.031062756	0.011352886	0.582466099	0.090300698	0
6	site6_male26	91.89	8.537	1.71	4.29	42.42	0.09290456	0.018609207	0.046686255	0.461638916	IMG_5476	90.17	7.966	1.29	5.73	57.75	0.088344239	0.01430631	0.063546634	0.640456915	0.090624399	0
6	site6_male65	62.68	3.87	2.06	2.13	16.91	0.061742183	0.032865348	0.033982131	0.269783025	IMG_5845	62.97	7.65	1.41	3.07	18.96	0.121486422	0.022391615	0.048753375	0.30109576	0.091614302	0
6	site6_male70	80.51	7.27	1.96	5.21	28.39	0.090299342	0.024344802	0.064712458	0.352627003	IMG_5893	78.54	7.36	1.41	5.07	28.15	0.093710211	0.017952636	0.064553094	0.358416094	0.092004777	0
6	site6_male52	77.71	7.28	1.41	0	47.66	0.093681637	0.018144383	0	0.613305881	IMG_5721	75.77	6.93	1.44	0	46.03	0.091461	0.019004883	0	0.607496371	0.092571319	0
6	site6_male59	59.13	5.56	1.23	2.74	14.39	0.094030103	0.020801624	0.046338576	0.243362084	IMG_5790	57.13	5.26	1.48	1.97	18.86	0.092070716	0.025905829	0.034482759	0.330124278	0.09305041	0
6	site6_male21	48.75	5.44	0.61	0.22	19.79	0.111589744	0.012512821	0.004512821	0.405948718	IMG_5417	48.3	3.65	0.34	0	29.18	0.075569358	0.007039337	0	0.604140787	0.093579551	0
6	site6_male17	55.48	5.65	1.76	1.13	23.7	0.1018385	0.031723143	0.0203677	0.427180966	IMG_5374	54.56	4.69	1.94	0	29.21	0.085960411	0.035557185	0	0.5353739	0.093899455	0
6	site6_male39	70.74	7.32	2.4	0	36.89	0.103477523	0.033927057	0	0.521487136	IMG_5600	72.03	6.43	1.41	0	43.23	0.08926836	0.019575177	0	0.600166597	0.096372942	0
6	site6_male15	74.8	6.56	1.66	0	35.96	0.087700535	0.022192513	0	0.480748663	IMG_5353	75.05	7.97	1.59	0	40.75	0.106195869	0.021185876	0	0.542971352	0.096948202	0
6	site6_male3	81.07	7.95	2.03	0.83	32.81	0.098063402	0.025040089	0.010238066	0.404711977	IMG_5237	79.76	8.02	1.64	1.4	48.99	0.100551655	0.020561685	0.017552658	0.614217653	0.099307528	0
6	site6_male35	59.9	5.95	0.61	3.71	26.89	0.09933222	0.010183639	0.061936561	0.448914858	IMG_5559	58.74	6	1.38	2.23	30.77	0.102145046	0.023493361	0.037963909	0.523833844	0.100738633	0
6	site6_male19	63.05	6.52	1.7	1.51	27.31	0.103409992	0.026962728	0.023949247	0.433148295	IMG_5395	63.18	6.2	1.6	4.1	31.7	0.09813232	0.02532447	0.064893954	0.501741057	0.100771156	0
6	site6_male12	69.31	8.15	0.12	0	33.42	0.11758765	0.001731352	0	0.482181503	IMG_5322	70.15	5.98	0.1	0	38.4	0.085245902	0.001425517	0	0.547398432	0.101416776	0
6	site6_male4	90.52	8.259	1.58	2.77	43.62	0.091239505	0.017454706	0.030600972	0.481882457	IMG_5244	88.37	9.872	1.71	5.53	41.64	0.111712119	0.019350458	0.062577798	0.471200634	0.101475812	0
6	site6_male53	58.32	6.35	0.76	0	21.8	0.10888203	0.01303155	0	0.373799726	IMG_5731	57.85	5.81	0.41	0	30.43	0.100432152	0.007087295	0	0.526015557	0.104657091	0
6	site6_male36	67.53	7.25	1.64	0.62	22.73	0.107359692	0.024285503	0.009181105	0.336591145	IMG_5567	65.72	7.07	1.36	2.25	33.77	0.107577602	0.020693853	0.034236153	0.513846622	0.107468647	0
6	site6_male1	86.95	9.74	0.93	1.47	42.07	0.112018401	0.010695802	0.016906268	0.483841288	IMG_5218	86.71	9.05	1.04	0.99	47.63	0.104370891	0.011994003	0.011417368	0.549302272	0.108194646	0
6	site6_male9	72.15	8.63	2.44	0	30.77	0.11961192	0.033818434	0	0.426472626	IMG_5291	68.83	6.98	2.67	0	36.04	0.101409269	0.038791225	0	0.523608891	0.110510594	0
6	site6_male29	77.1	8.55	1.23	1.22	34.12	0.110894942	0.015953307	0.015823606	0.442542153	IMG_5505	76.43	8.71	1.23	2.05	39.86	0.113960487	0.016093157	0.026821929	0.521522962	0.112427714	0
6	site6_male62	77.7	7.94	0.69	4.26	25.68	0.102187902	0.008880309	0.054826255	0.330501931	IMG_5819	76.21	9.51	0.99	3.68	24.72	0.124786773	0.012990421	0.048287626	0.324366881	0.113487338	0
6	site6_male38	64.2	7.19	2.54	0.88	36.42	0.111993769	0.039563863	0.013707165	0.56728972	IMG_5587	63.61	7.63	2.99	0.63	40.16	0.119949693	0.047005188	0.009904103	0.631347272	0.115971731	T
6	site6_male28	80.62	9.22	1.32	0	39.4	0.114363681	0.016373108	0	0.488712478	IMG_5496	82.28	9.83	1.66	0	43.76	0.119470102	0.020175012	0	0.531842489	0.116916892	T
6	site6_male18	75.29	9.2	1.55	0	37.26	0.122194182	0.020587063	0	0.494886439	IMG_5384	73.31	8.64	1.7	0	37.21	0.117855681	0.023189197	0	0.507570591	0.120024932	T
6	site6_male69	77.34	9.06	1.95	0	21.26	0.117145074	0.025213344	0	0.274890096	IMG_5883	76.82	10.45	1.76	0	24.5	0.136032283	0.0229107	0	0.318927363	0.126588678	T
6	site6_male8	67.77	7.92	1.31	0	27.23	0.11686587	0.019330087	0	0.401800207	IMG_5279	65.23	8.91	1.82	0	41.84	0.136593592	0.027901272	0	0.641422658	0.126729731	T
6	site6_male48	86.29	10.64	2.55	0	44.58	0.123305134	0.029551512	0	0.516629969	IMG_5684	84	11.17	3.33	0	45.73	0.13297619	0.039642857	0	0.544404762	0.128140662	T
6	site6_male50	42.63	5.19	0.95	0	17.01	0.12174525	0.022284776	0	0.399014778	IMG_5703	43.17	5.9	0.66	0	20.06	0.136668983	0.015288395	0	0.464674543	0.129207116	T
6	site6_male6	74.75	8.669	1.71	3.32	41.22	0.115973244	0.022876254	0.044414716	0.551438127	IMG_5263	70.65	10.145	1.42	5.67	41.6	0.143595188	0.02009908	0.080254777	0.588818117	0.129784216	T
6	site6_male25	65.96	8.8	1.32	0	24.91	0.13341419	0.020012129	0	0.377653123	IMG_5465	67.29	9.1	1.49	0	36.26	0.135235548	0.022142963	0	0.538861644	0.134324869	T
6	site6_male11	71.05	11.32	1.02	0.54	25.39	0.159324419	0.014356087	0.007600281	0.357353976	IMG_5311	68.53	8.2	0.64	0	41.06	0.119655625	0.009338976	0	0.599153655	0.139490022	T
6	site6_male54	64.13	9.33	0	3.48	13.56	0.145485732	0	0.054264775	0.211445501	IMG_5738	64.18	8.92	0	3.25	19.7	0.138984107	0	0.050638828	0.306949205	0.14223492	T
6	site6_male71	70.2	11.54	1.1	5.16	14.14	0.164387464	0.015669516	0.073504274	0.201424501	IMG_5904	69.74	8.64	1.41	4.14	20.4	0.12388873	0.020217952	0.05936335	0.292515056	0.144138097	T
6	site6_male46	62.47	10.83	0.53	2.38	27.79	0.173363214	0.008484072	0.038098287	0.44485353	IMG_5668	62.79	8.31	0.45	0	38.76	0.132345915	0.007166746	0	0.617295748	0.152854565	T
6	site6_male10	62.05	10.55	1.61	0	14.61	0.170024174	0.025946817	0	0.235455278	IMG_5302	61	8.35	0	0	28.75	0.136885246	0	0	0.471311475	0.15345471	T
6	site6_male76	71.73	11.57	1.12	3.59	21.46	0.161299317	0.015614108	0.050048794	0.299177471	IMG_5952	70.59	10.72	1.01	4.86	20.46	0.15186287	0.014307976	0.068848279	0.289842754	0.156581093	T
6	site6_male61	70.83	12	1.31	3.74	17.91	0.169419737	0.018494988	0.052802485	0.252858958	IMG_5810	69.8	10.67	0.52	2.96	23.56	0.15286533	0.007449857	0.042406877	0.337535817	0.161142533	T
6	site6_male31	74.84	13.06	1.02	3.57	32.63	0.174505612	0.013629075	0.047701764	0.435996793	IMG_5523	74.04	12.51	1.66	4.09	39.71	0.168962723	0.022420313	0.055240411	0.536331713	0.171734167	T
6	site6_male37	91.74	18.33	1.05	2.03	43.26	0.199803793	0.011445389	0.022127752	0.471550033	IMG_5577	90.48	15.47	0.42	4.89	51.92	0.170977011	0.00464191	0.054045093	0.57382847	0.185390402	T
6	site6_male24	73.92	13.2	1.6	2.17	32.02	0.178571429	0.021645022	0.029356061	0.433170996	IMG_5453	72.02	14.58	0.35	0	36.46	0.202443766	0.004859761	0	0.506248264	0.190507597	T